pool	USDA1157	USDA1021	KH35C	HM006-1	1819	1790	1760	1751	1724	1464	1397	1456	1415	1533	1623	1919	1222	1519	1883	1561	1215	1200	1710	1793	1212	M162	1107	1248	1158	1614	T073	1180	1581	1027	1206	M270	1199	1031	1491	1195	3085	1742	1264	1496	1497	1808	1660	1211	1191	1530	1791	1659	1170	1550	1795	1594	1562	1580	1612	1616	1617	1666	KH46C	1777	1655	1688	1692	1719
C68_A17_L6	0.000683486	0.000630007	0.00148894	0.000877628	0.000803288	0.0010599	0.000494168	0.000766631	0.000513128	0.000216778	0.000416903	0.000436378	0.000894441	0.00109825	0.00025644	0.000871684	0.000833759	0.000758996	0.00042409	0.000440854	0.000447056	0.00058738	0.000610964	0.000956755	0.000697084	0.000231589	0.000558951	0	0.000873522	0.000260344	0.00111078	0.000252631	0.00109891	0.000935502	0.000289661	0.000192233	0.000839204	0.000552292	0.000591744	0.000375591	0.000628008	0.000733763	0.000575457	0.000761921	0.000682938	0.000279285	0.00136399	0.000597505	0.000376086	0.000962216	0.00124942	0.000111473	0.00058596	0.000973891	0.00124468	0.000265521	0.000605308	0.000916835	0.000436315	0.000563764	0.000423935	0.00048716	0.000600199	0.000446624	0.000619438	0.00049622	0.000753875	0.00039499
C68_A17_B11	0.000662962	0.000163256	0.00137551	0.000906896	0.000713161	0.000960404	0.000533126	0.000603086	0.000151793	0.000101591	7.47614e-05	0.00012428	0.000713527	0.00106929	0.000261637	0.000892546	0.000614461	0.000258932	0	0.000155021	0.000113181	0.000359021	0.000253256	5.93428e-05	9.27763e-05	0	0.000171555	0	0.000966897	0.000114686	0.00104209	0.00010215	0.000613839	0.000603291	0.00016223	9.83544e-05	5.02354e-05	0.000185089	0.000255944	0.000122958	0.000610021	0.000316453	0.000438615	0.000554707	0.000160727	9.80851e-05	0.00139714	0.00060391	8.49712e-05	0.000642816	0.00139344	0.000218773	0.000566261	0.00144037	0.00138067	0.000183307	0.000268706	0.000669819	0.000264248	0.000584639	0.000452731	0.000916444	0.000569413	0	0.000485869	0.000589566	0.000333558	0
C68_A17_LN5	0.000466965	0.000394815	0.00136084	0.000791725	0.00071957	0.000768386	0.000554793	0.000405073	0.000357373	0.000163658	0.0002254	0.000286553	0.00076179	0.00108637	0.000222792	0.000803094	0.000582929	0.000593519	0.000290668	0.000308088	0.000291762	0.00037954	0.000354128	0.000616176	0.000536009	0.000190807	0.000309792	2.75628e-05	0.000756205	0.000197865	0.000850549	0.000187419	0.000453513	0.000657403	0.000322056	0.00018539	0.000522155	0.00043453	0.000499444	0.000324598	0.000438697	0.000509232	0.000426595	0.000529291	0.000445779	0.000243103	0.00110218	0.000407254	0.000272543	0.000741658	0.00126321	0.000137431	0.000490247	0.000771252	0.00106991	0.000293741	0.000399047	0.000649931	0.000362635	0.000478786	0.000352722	0.000719495	0.000460652	0.000374625	0.000505119	0.000545368	0.00051438	0.000273195
C68_A17_LN1	0.000660187	0.000514428	0.00109721	0.000860854	0.000822711	0.000803551	0.000473869	0.000525606	0.000381208	0.000396708	0.000424825	0.000344581	0.000755495	0.000763321	0.000253643	0.000699405	0.000670616	0.000610472	0.00034518	0.000491777	0.00028335	0.000503823	0.000336713	0.000613554	0.00051818	0.000264769	0.000374883	0	0.000704035	0.000253791	0.000973733	0.000188571	0.000580509	0.000557836	0.000458999	0.000270105	0.000572801	0.000435949	0.000415278	0.000319569	0.000553864	0.000648879	0.000448363	0.000804277	0.000550617	0.000273951	0.000910128	0.000491683	0.000360187	0.000723954	0.000958744	0.000280268	0.000564284	0.0010229	0.000948264	0.000211576	0.000545037	0.000696611	0.000286451	0.000646168	0.000453448	0.000515845	0.000519779	0.000374753	0.000579832	0.000492993	0.000636417	0.000382881
C68_A17_N4	0.000511981	0.000354606	0.00120923	0.000833558	0.000674287	0.000756583	0.000645542	0.000414835	0.000333538	0.000229628	0.000351704	0.000381492	0.000778679	0.000882118	0.000171562	0.000699229	0.000573515	0.000600258	0.00030389	0.00046461	0.000287217	0.000402192	0.000362964	0.000492348	0.000462919	0.000195367	0.000250954	0	0.000615021	0.000164439	0.000735521	0.00015452	0.000744609	0.000689177	0.000436075	0.00017234	0.000457873	0.000393587	0.000444406	0.000263317	0.000557619	0.00049553	0.000440886	0.000621466	0.00047077	0.000188544	0.00102596	0.000429241	0.000213725	0.000804446	0.00121042	0.000104319	0.000426959	0.00102854	0.00116696	0.000209617	0.000372651	0.00060582	0.000336048	0.000498708	0.000359271	0.000759146	0.000609244	0.000298364	0.000499087	0.000406268	0.000466542	0.000268834
C68_A17_S12	0.000509964	0.000451801	0.00120442	0.000597866	0.000941448	0.000656609	0.000493591	0.000649301	0.000494123	0.000289318	0.00047271	0.00034362	0.000887848	0.00105629	0.000208363	0.000571328	0.000627821	0.000698506	0.000290568	0.000396628	0.000384344	0.000662181	0.00057222	0.00032745	0.000373976	0.000468931	0.000431804	2.5421e-05	0.000719664	0.00025807	0.000609292	0.000226395	0.000731116	0.000577683	0.000364162	0.000278855	0.00039047	0.000475757	0.000457285	0.000483708	0.00053115	0.00074292	0.000475038	0.000724379	0.000499684	0.000123151	0.000814379	0.000463734	0.000333917	0.00069973	0.00108478	6.04397e-05	0.000555396	0.000658309	0.00114546	0.000234897	0.000428469	0.000716773	0.000402879	0.000481466	0.000490573	0.000454472	0.00042397	0.000411286	0.000454359	0.000607112	0.000730552	0.000309363
C68_A17_LN4	0.00051202	0.000381594	0.0010762	0.000520293	0.000795883	0.000946363	0.000486531	0.000466002	0.000342099	0.000158937	0.000289148	0.000368069	0.000713845	0.000964836	0.00021909	0.000606906	0.000561136	0.000499907	0.000195912	0.000392443	0.000275349	0.000457399	0.000448756	0.000490586	0.000491067	0.000218458	0.000280503	0	0.00064604	0.00019827	0.000781087	0.00021443	0.000794225	0.000555046	0.00029336	0.000152093	0.000500316	0.000213903	0.000357641	0.00029865	0.000511291	0.000574381	0.000368991	0.000657551	0.000436128	0.000228825	0.00101493	0.000523148	0.000227179	0.000806649	0.000926126	0.00016513	0.000483809	0.000646295	0.00100543	0.000355303	0.000359647	0.000677674	0.00039739	0.000565717	0.000316996	0.000483476	0.000622666	0.000282536	0.000430288	0.000408512	0.000572108	0.000248211
C68_A17_N6	0.000494162	0.000380428	0.00126338	0.000428548	0.000726122	0.000546252	0.000345789	0.000411413	0.000329307	0.000287679	0.000315958	0.000417811	0.000788423	0.000960181	0.000160538	0.00050735	0.000599487	0.000492861	0.00030285	0.000305915	0.000343473	0.000355369	0.000411038	0.000507033	0.000430063	0.000170649	0.000269399	0	0.000480279	0.000180109	0.000738607	0.000159851	0.000632502	0.000650814	0.000259634	0.000295356	0.000515181	0.000525993	0.000439182	0.00043553	0.000415253	0.000523815	0.00039567	0.000430259	0.000374948	0.000205437	0.000562478	0.000305494	0.000235336	0.000628866	0.00109179	0.000119589	0.00041243	0.000554799	0.00127907	0.000173282	0.000277615	0.000570342	0.000338859	0.000392578	0.000397078	0.000338998	0.000420657	0.000265685	0.000396013	0.000455146	0.000547301	0.000249747
C68_A17_S10	0.00047151	0.000486748	0.000961772	0.000506791	0.000946789	0.000592118	0.000425464	0.000510831	0.000647372	0.00029488	0.000269684	0.000443153	0.000769032	0.000745326	0.000495573	0.000541938	0.000759857	0.000664199	0.000301476	0.000408866	0.000255124	0.000633562	0.000465858	0.00067099	0.000650077	0.00025993	0.000252602	0	0.000679259	0.000382619	0.000863382	0.000327507	0.000761871	0.000832865	0.000337565	0.000259741	0.000707646	0.000486924	0.000507389	0.000359609	0.000521574	0.000566218	0.000654087	0.000629637	0.000700151	0.000261621	0.00084627	0.000648622	0.00031132	0.000826369	0.000836886	0.00034132	0.000509692	0.000648554	0.000978116	0.000232416	0.000435261	0.000661837	0.00049996	0.000697689	0.000423741	0.000403613	0.000422665	0.000514666	0.000663563	0.000573454	0.00056679	0.000253187
C68_A17_N3	0.000475878	0.000302901	0.0010355	0.000629999	0.000787928	0.000762782	0.000507709	0.000389576	0.000225273	0.000208881	0.000261503	0.000208644	0.0007038	0.000754444	0.000234862	0.000729728	0.000503081	0.000508553	0.000206037	0.000303756	0.000326941	0.000352238	0.000416086	0.000405098	0.000398971	0.000137124	0.000252755	0	0.000569632	0.000145939	0.000675396	9.88885e-05	0.000668058	0.000639771	0.00018199	0.000212901	0.000418392	0.000284364	0.000455416	0.000283981	0.000486311	0.000538796	0.00039603	0.00057409	0.000290508	0.000218211	0.000873633	0.000391649	0.000159674	0.000657117	0.00096861	5.10317e-05	0.000401508	0.00114544	0.00104512	0.000208016	0.000353733	0.000654253	0.000314561	0.000612399	0.000364284	0.000786321	0.000442394	0.000196409	0.000457177	0.000375174	0.000509067	0.000204506
C68_A17_B8	0.000312919	0.000108553	0.00112111	0.000433661	0.000678905	0.000561924	0.00034616	0.000380099	0	5.93491e-05	0.000149662	8.61477e-05	0.000602359	0.000740077	8.72454e-05	0.000462008	0.000278693	0.000346518	0.000247703	0.000127593	6.79812e-05	0.000316634	0.000290868	5.87512e-05	8.6055e-05	0.000153138	0.000181383	0	0.000519205	7.50854e-05	0.000606007	1.97822e-05	0.000441273	0.000414958	0.000100268	0.000106821	4.64795e-05	8.495e-05	0.00014805	0.000184446	0.000270625	0.000505616	0.000249278	0.000435588	0.000174159	5.12464e-05	0.000951926	0.000304256	6.36425e-05	0.000430643	0.00101687	3.7688e-05	0.000274423	0.000551264	0.001171	7.73174e-05	0.000142196	0.000434788	0.00022934	0.000326739	0.00021548	0.00046865	0.000370121	0	0.000262857	0.00037555	0.00044137	0.000210594
C68_A17_LN6	0.000414171	0.000397636	0.00112559	0.000648453	0.000681664	0.00060924	0.000343803	0.000528709	0.000174963	0.00015864	0.000397429	0.000300441	0.000659372	0.000888585	0.000185538	0.000602401	0.000438075	0.00050197	0.000317159	0.000325692	0.000334516	0.000502724	0.000434514	0.000456765	0.000360096	0.000174845	0.000268919	0.000114746	0.000499979	0.000158595	0.000709738	0.000113661	0.00048015	0.000590414	0.00022516	0.000224847	0.000450383	0.000398749	0.000403213	0.000416132	0.000393715	0.000479735	0.000433155	0.000592118	0.000490006	0.000159347	0.000846313	0.000452041	0.000346271	0.00061892	0.00103285	9.23085e-05	0.000361478	0.000690481	0.000829154	0.000168458	0.000280742	0.000361123	0.000394079	0.000303452	0.00030732	0.000560685	0.000402809	0.000176864	0.000373526	0.000532601	0.000507756	0.000349605
C68_A17_LN2	0.000457949	0.000443072	0.00104548	0.000817686	0.000625642	0.000638988	0.000453115	0.000603063	0.000209622	0.00031181	0.000432915	0.000359171	0.000695402	0.000777731	0.00022387	0.000598246	0.000536109	0.000556968	0.000299587	0.000297572	0.00035523	0.00040428	0.000502441	0.000339149	0.000406001	0.000222741	0.000380007	7.31233e-05	0.000561391	0.000200141	0.000757698	0.000109459	0.000671784	0.000645124	0.000335669	0.000214393	0.000411594	0.000423433	0.000403853	0.000453219	0.000497227	0.000641928	0.000401422	0.000615903	0.000392198	0.000182631	0.000822323	0.000555282	0.000300798	0.000681887	0.000984646	8.466e-05	0.000353055	0.000750952	0.00097835	0.000173435	0.000365323	0.000597809	0.000285565	0.000477002	0.000323371	0.000406783	0.000493092	0.000191509	0.000409354	0.000364422	0.000604304	0.000346943
C68_A17_S11	0.000720665	0.000503507	0.000648838	0.000462071	0.000873448	0.000760295	0.000411683	0.000886215	0.00057262	0.000257883	0.000456147	0.00050998	0.000542701	0.000522966	0.000291345	0.000692062	0.000837043	0.000597034	0.000441873	0.000451513	0.000345769	0.000673806	0.000329621	0.000481676	0.000394867	0.000259441	0.000229309	0	0.000517299	0.000300428	0.00075283	0.000230462	0.000512571	0.000455231	0.0003676	0.000191319	0.000540254	0.00054819	0.000442839	0.00028998	0.000516829	0.000371361	0.000375778	0.000843756	0.000443596	0.000243605	0.000520964	0.000564386	0.000256854	0.000790627	0.000640363	9.8682e-05	0.000422868	0.000532481	0.000520134	0.000168153	0.000352546	0.00044876	0.000296076	0.000356585	0.000523538	0.000466852	0.000457382	0.000563078	0.000535446	0.00055833	0.000546838	0.000555119
C68_A17_B12	0.00050988	0.000158178	0.00114881	0.000641815	0.000523679	0.000518601	0.000312489	0.00042621	0	7.57474e-05	0.000150706	0.000160504	0.000619922	0.000955866	0.000228936	0.000636104	0.000289489	0.000378836	0.000274347	0.000185068	9.23209e-05	0.000338711	0.000244301	0.000330924	0.000306621	0.000112651	0.000201462	0	0.000505229	0.000101935	0.000652249	0	0.000432377	0.000551938	0.000140495	0.000145757	0.000298403	0.000270145	0.000196277	0.000266767	0.000313336	0.000386444	0.000335687	0.000349204	0.000281738	0.000126092	0.000775145	0.000348972	7.76336e-05	0.000519196	0.00104927	5.00219e-05	0.000309559	0.000609661	0.00117798	0.000123853	0.000250021	0.00058498	0.000232332	0.000259152	0.000241393	0.000430061	0.000474021	0	0.00041646	0.000329656	0.000408325	0.000281
C68_A17_L2	0.000409328	0.000354404	0.000840701	0.000563082	0.000581939	0.00062564	0.000463921	0.000545551	0.000284056	0.00015043	0.000296561	0.000307514	0.000535701	0.000619103	0.000208585	0.000504252	0.000516289	0.000499849	0.000303526	0.000386314	0.000264877	0.00038891	0.00037627	0.000453003	0.00044109	0.0001806	0.000277713	0	0.000638262	0.000234931	0.000537988	0.000136776	0.000632565	0.000577715	0.000356146	0.000177703	0.000553125	0.000437709	0.000297635	0.000262756	0.00039351	0.00054406	0.000359836	0.000466239	0.000427024	0.000160901	0.000983115	0.000425556	0.00019373	0.000643827	0.00081586	0.000115336	0.000462297	0.000678201	0.000666395	0.000175239	0.000295731	0.000587476	0.000325751	0.000428651	0.00029305	0.000351527	0.000464751	0.000258763	0.000406918	0.000339893	0.000545657	0.000322233
C68_A17_N1	0.000275483	0.000166388	0.000914283	0.000527951	0.000575507	0.00057118	0.000371941	0.000338103	0.000230509	0.000129168	0.000152907	0.000171394	0.000515825	0.000737942	0.000104645	0.000536846	0.000265419	0.000366769	0.000286764	0.000181363	0.000113012	0.000371104	0.000285285	0.000216927	0.000250547	0.000136211	0.00018702	0	0.000399647	0.000126294	0.000678333	0.00011829	0.000409527	0.000470796	0.000132316	0.00011733	0.000207327	0.000160122	0.000183387	0.000232954	0.000296728	0.000457135	0.000375124	0.00037402	0.0002534	8.93243e-05	0.00098613	0.000294656	0.000110769	0.000381051	0.000901816	5.18817e-05	0.000338303	0.000715153	0.000904487	0.000161875	0.0002171	0.000420031	0.00023643	0.000425121	0.000255926	0.000491542	0.000285843	0.000298151	0.000367	0.000279291	0.000369226	0.000184056
C68_A17_LN3	0.000399193	0.000360076	0.0010666	0.000560394	0.000651712	0.000613072	0.000455229	0.000332339	0.000298842	0.000233118	0.000200442	0.000241089	0.000695968	0.00089483	0.000194541	0.000671894	0.000534941	0.000363139	0.000284279	0.000261832	0.000292957	0.000452434	0.00035692	0.00047712	0.000422571	0.000169754	0.000196953	0	0.000508473	0.000190377	0.000778981	0.000137225	0.000645486	0.000556409	0.00026835	0.000137528	0.000438902	0.000360407	0.000396606	0.000197105	0.000470362	0.000326521	0.000358021	0.000487117	0.000361799	0.000148748	0.000889977	0.000365328	0.000196759	0.000617103	0.00101208	6.7301e-05	0.000525554	0.00064795	0.000891819	0.000148137	0.000372269	0.000599023	0.000326669	0.000446126	0.000297763	0.000581938	0.000384658	0.000297186	0.000437927	0.000502405	0.000379318	0.000307729
C68_A17_X6	0.000419744	0.00030882	0.00108995	0.000574874	0.000644064	0.000575469	0.000342695	0.00034755	0.000348841	0.000158341	0.000160476	0.00022077	0.000697175	0.000774848	0.00025321	0.000754029	0.000518993	0.000445854	0.000277706	0.000268426	0.000155592	0.000413061	0.000351667	0.000534417	0.000684777	0.000187097	0.000203851	0	0.00048605	0.000228807	0.00064178	0.000161582	0.000550443	0.0006075	0.000202147	0.000168564	0.000590362	0.000338811	0.00030503	0.000249469	0.000464285	0.000475718	0.00038446	0.000478248	0.000370167	0.000200852	0.00081781	0.000484181	0.000151614	0.00061044	0.001028	9.09301e-05	0.000411749	0.000662614	0.00109855	0.000158453	0.000349477	0.000600899	0.00025577	0.000335825	0.000287654	0.000512314	0.000418952	0.000304568	0.000420264	0.000312026	0.000472278	0.000296631
C68_A17_N2	0.00058226	0.000300807	0.00114924	0.000573902	0.000609799	0.000770888	0.000334245	0.000359075	0.000248361	0.000109656	0.000227286	0.000242481	0.000716731	0.000816316	0.000131919	0.000645889	0.00037022	0.000526299	0.00019149	0.000277314	0.000174931	0.000500043	0.000374437	0.000495837	0.000400135	0.000102756	0.000236134	0	0.000409552	0.000141634	0.000729439	0.000115437	0.000549494	0.000584647	0.000221471	0.000181538	0.000448712	0.00021723	0.000351461	0.000333004	0.00038195	0.000493567	0.00025834	0.00040988	0.000262932	0.000128711	0.000573554	0.000422798	0.000123441	0.000498303	0.00104205	7.03416e-05	0.000390477	0.000728039	0.0011553	0.000183661	0.000394716	0.000491347	0.000215647	0.000390539	0.000318052	0.000383529	0.000447076	0.0002206	0.000434147	0.000291802	0.00050049	0.000222052
C68_A17_B10	0.00031012	0.000172365	0.000965991	0.000446893	0.000796859	0.000526276	0.000422919	0.000477531	0.000216365	8.77705e-05	0.000261831	0.000157501	0.000615733	0.000725347	0.000116936	0.000615609	0.000521595	0.000509571	0.000298075	0.000200722	0.000113532	0.000445489	0.000390048	0.000438091	0.000378843	0.000128068	0.000230312	0	0.000387704	8.52204e-05	0.000498601	0.00015604	0.000550437	0.000474628	0.000179694	0.000157134	0.00037322	0.000190799	0.000167857	0.000171156	0.000316582	0.000607736	0.00031292	0.000629158	0.00029156	0.000173012	0.000897105	0.000423303	8.4339e-05	0.000392308	0.000913485	5.11865e-05	0.00029865	0.000731789	0.00108137	0.000103636	0.000173454	0.000480685	0.000282152	0.000373458	0.000234659	0.000526294	0.00027247	0.000238708	0.000343345	0.000305898	0.000521854	0.000283958
C68_A17_B7	0.000322367	0.000185614	0.000818354	0.000624094	0.000618746	0.000553503	0.000343156	0.000408568	0	7.50755e-05	0.000297704	0.000166661	0.000524772	0.000783062	0.00011012	0.000655917	0.000312907	0.000462361	0.000222888	0.000231626	8.54369e-05	0.000443023	0.000318239	0.000559377	0.000465628	0.000146035	0.000197869	0	0.00043627	9.98248e-05	0.000674267	1.9689e-05	0.000539172	0.00043227	0.000161663	0.000107719	0.000418769	0.000114943	0.000225302	0.000225696	0.000287142	0.000517041	0.000331154	0.000663017	0.000335792	0.000171615	0.000998652	0.000356175	8.22917e-05	0.00053172	0.000801543	4.28251e-05	0.000334633	0.000727018	0.000916636	9.87069e-05	0.00017417	0.000565132	0.000226036	0.000340422	0.000267115	0.000480219	0.000448944	0	0.000282887	0.000364324	0.000427344	0.000235921
C68_A17_N5	0.000447231	0.000375812	0.000994147	0.000743382	0.000590856	0.000588971	0.000465788	0.000413701	0.000265167	0.000154287	0.000262527	0.000286872	0.000640657	0.000775047	0.000166178	0.000511603	0.000439931	0.000405375	0.000265848	0.00024202	0.000247203	0.00046874	0.000331118	0.000428332	0.000340439	0.000120337	0.000272804	0	0.000450266	0.000120526	0.000500846	0.00013036	0.000565211	0.000534666	0.000251732	0.000133405	0.000381272	0.000254022	0.000250677	0.000202709	0.000396244	0.000403766	0.00033004	0.000472192	0.000358665	0.000117141	0.000815071	0.000365841	0.000162553	0.000511323	0.00100404	6.25666e-05	0.00044636	0.000742323	0.00100013	0.000147922	0.000318506	0.00041318	0.000268894	0.000445457	0.000265368	0.000609184	0.000339481	0.000241991	0.000384759	0.000430859	0.000439791	0.000184918
C68_A17_L5	0.000442874	0.000379503	0.000928363	0.000496892	0.000739842	0.000538632	0.000336952	0.00049794	0.000463427	0.000194488	0.000428321	0.000300468	0.00063624	0.000839538	0.00037039	0.000526075	0.000557472	0.000547389	0.000224166	0.000346307	0.00025404	0.000393661	0.000456071	0.000516902	0.000430325	0.000201099	0.000361539	0.000105931	0.000490566	0.000275427	0.000661154	0.000245699	0.00065226	0.000487575	0.000207898	0.000196577	0.000473779	0.00036402	0.000349423	0.000320881	0.000470843	0.000560748	0.000373297	0.000485815	0.000401281	0.000179791	0.000662428	0.000541942	0.000300058	0.000656685	0.00081123	0.000122393	0.000370446	0.000641627	0.000763191	0.000199651	0.000355858	0.000449034	0.000311415	0.000291969	0.0002972	0.000363698	0.000465127	0.000424886	0.000431006	0.000329985	0.00056846	0.000299709
C68_initial_8	0.000496949	0.000437297	0.000485737	0.000444693	0.000548955	0.000506652	0.00048184	0.000490422	0.000324111	0.000393291	0.000408066	0.000455351	0.000428671	0.000445859	0.000363347	0.000532462	0.000543427	0.00050061	0.000194469	0.000493935	0.000433849	0.000478001	0.000386493	0.000434656	0.000400537	0.000320833	0.000330578	0.000215397	0.000523995	0.000359789	0.000523559	0.000302595	0.000468455	0.000494551	0.000406822	0.000335759	0.000453243	0.000455378	0.000563114	0.000353983	0.000420575	0.000428972	0.000500362	0.000545922	0.0005992	0.000314049	0.000501447	0.000449577	0.000446041	0.000560238	0.000474186	0.00025989	0.000312366	0.000526344	0.000450437	0.000305134	0.000385724	0.000492666	0.000392053	0.000424512	0.000440212	0.000430229	0.000491974	0.000267173	0.000478397	0.000412616	0.000425757	0.000196966
C68_A17_L1	0.000632559	0.000383549	0.00088416	0.000650371	0.000612787	0.000684644	0.000426507	0.000360817	0.000231613	0.000150216	0.000333588	0.000366438	0.00054189	0.000789203	0.000273525	0.000536537	0.000493781	0.000538085	0.000247177	0.000304119	0.000297133	0.000517267	0.000435761	0.000375069	0.000315495	0.00018571	0.000277009	0	0.000519408	0.000261577	0.000568429	0.000111062	0.000615906	0.000624586	0.000209608	0.000135689	0.000362748	0.000341659	0.000327636	0.00025838	0.00043486	0.000496533	0.000431216	0.000478909	0.000428219	0.000210748	0.000952147	0.000539745	0.000288836	0.000624443	0.000833984	0.000115447	0.000347285	0.000678957	0.000658128	0.00014784	0.000345163	0.000603886	0.000417648	0.000523043	0.000276429	0.00057421	0.000441237	0.000217912	0.00047252	0.000369324	0.000508546	0.000272506
C68_R108_L1	0.000801332	0.000530017	0.000886672	0.000803275	0.000731784	0.000650929	0.000709262	0.000467102	0.00048638	0.000425312	0.000226955	0.000521758	0.000696187	0.000869771	0.000627214	0.000758369	0.000749144	0.000285612	0.000234064	0.000404392	0.000566016	0.000422641	0.000301569	0.00044124	0.000366204	0.000226461	0.000434974	0	0.000799555	0.000401356	0.000611564	0.000199749	0.000790948	0.000848783	0.000457613	0.000220891	0.000345806	0.000628043	0.000549103	0.000214943	0.00065128	0.000237332	0.000564202	0.00055049	0.000516749	0.000340422	0.000853994	0.000535952	0.000390418	0.000829593	0.000978257	9.29069e-05	0.000648178	0.000842863	0.000859697	0.000348158	0.00059363	0.000860047	0.000607556	0.000633039	0.000542733	0.000469016	0.000829688	0.000412434	0.000614493	0.0006264	0.000351314	0.000133478
C68_R108_LN1	0.000471833	0.000646221	0.000841616	0.000583846	0.000523398	0.000918655	0.000740715	0.000378874	0.000131595	0.000366327	0.000324982	0.000516778	0.000727147	0.000698356	0.000445249	0.000885321	0.000576732	0.000230697	0.000272807	0.000475438	0.000634033	0.000570376	0.000239417	0.000439981	0.000483391	0.000222376	0.000333577	1.56887e-05	0.000542222	0.000374759	0.00083141	4.66487e-05	0.000475376	0.000580678	0.000565805	0.000293947	0.000508993	0.000693272	0.000559395	0.000190057	0.000634585	0.00022239	0.000566114	0.000523273	0.000549725	0.000229376	0.000732612	0.000457482	0.00049235	0.000766475	0.000781542	0.000104508	0.000517451	0.000694765	0.000859557	0.000551825	0.000603544	0.000798595	0.000650568	0.000714698	0.000550102	0.000754287	0.000491887	0.000144286	0.000522465	0.00083339	0.000327794	0.000304331
C68_A17_X1	0.000541338	0.000299197	0.000946134	0.000601689	0.000570349	0.000770638	0.000275485	0.000347299	0.000258671	0.00014306	0.000231283	0.00020049	0.000640787	0.000743419	0.000126108	0.000577026	0.000387182	0.000515041	0.0002711	0.000224342	0.000226231	0.000434928	0.000283366	0.000627663	0.000500923	0.000116553	0.000264497	0	0.000465767	0.00016123	0.000690967	0.00012813	0.000565513	0.000585776	0.000210896	0.000104905	0.000493569	0.000272095	0.000352582	0.000180983	0.000356634	0.000424672	0.000275702	0.000388391	0.000324403	0.000219899	0.00070305	0.000414023	0.000151933	0.000491543	0.000993	5.06695e-05	0.000359141	0.00070175	0.000932736	0.000149836	0.000318228	0.000433211	0.000240262	0.000235684	0.000272488	0.000304232	0.000349538	0.000232307	0.000460174	0.000246956	0.000409032	0.000248395
C68_R108_B7_D	0.000747108	0.000444327	0.000913137	0.000547567	0.000566733	0.000710438	0.000615147	0.000397693	0.000308416	0.00037248	0.000240495	0.000425678	0.000711427	0.000960066	0.000431382	0.000631871	0.000422924	0.000349105	0.000329577	0.000411197	0.000325361	0.000390419	0.000299066	0.000503331	0.000518613	0.000252596	0.000289064	0	0.000763618	0.000391206	0.000748981	0.000109291	0.000453895	0.00063994	0.000227222	0.000320146	0.000502457	0.00044176	0.000437676	0.000333736	0.000438492	0.000362161	0.000439606	0.000792209	0.000547756	0.000282336	0.000771846	0.000742067	0.000376923	0.000539698	0.000956416	0.000196859	0.000482717	0.000672053	0.00103058	0.000302587	0.000400392	0.000716622	0.000587555	0.00057138	0.000375084	0.000741369	0.000656513	0.000285765	0.000410619	0.000618256	0.000413639	0.000209604
C68_R108_S7	0.000685212	0.000611097	0.000606739	0.000380376	0.000442605	0.000646945	0.00053443	0.000453365	0.000127694	0.000274382	0.000403984	0.000445434	0.000573744	0.000625177	0.000304876	0.000414006	0.000506822	0.000562385	0.000218818	0.000525393	0.000352875	0.00050314	0.000411683	0.000473698	0.000457691	0.000193806	0.000318039	0	0.000469032	0.000325408	0.00045928	7.84874e-05	0.00049821	0.000608917	0.000540702	0.000185525	0.000570503	0.000617395	0.000583764	0.000449027	0.000253936	0.000343897	0.000923063	0.000557773	0.000882458	0.000189359	0.000482667	0.000349349	0.000405554	0.000389341	0.000569706	0.000117898	0.000384318	0.000558109	0.000622558	0.000214846	0.000343972	0.00038364	0.000502285	0.00032035	0.000886403	0.000297165	0.000381743	0.000121337	0.000325079	0.000322007	0.000452102	0.000184876
C68_R108_X1	0.00041068	0.000312532	0.000811118	0.000546731	0.00043229	0.000519775	0.000589115	0.000322044	0.000351048	0.000259342	0.000423484	0.000335203	0.00067855	0.000652875	0.000338652	0.000466174	0.000698082	0.00045928	0.00017187	0.000301092	0.000421727	0.000450473	0.000449048	0.000374527	0.000327942	0.000166504	0.000343339	0	0.000403615	0.000263118	0.000667639	0.000187001	0.000604334	0.000582347	0.000287477	0.000188935	0.000380975	0.00051831	0.000612653	0.000426216	0.00032002	0.000359158	0.00039943	0.000761924	0.000399918	0.000359672	0.00054341	0.000342272	0.000282355	0.000660958	0.000741257	8.54888e-05	0.000458262	0.000541356	0.000943646	0.000253301	0.000500674	0.000688885	0.000328792	0.000434431	0.000361185	0.000330999	0.000360541	0.000278691	0.000567178	0.000557007	0.000501986	0.000132659
C68_R108_LN3	0.000857894	0.000529934	0.000746784	0.000487607	0.000509765	0.000797955	0.000399157	0.000367726	0.000194621	0.000404799	0.000491551	0.000375573	0.000640663	0.000788946	0.000489524	0.000556269	0.000494213	0.000606403	0.000210012	0.000373335	0.000508214	0.000436027	0.000600551	0.000492135	0.000574846	0.000209827	0.000425975	0	0.000695492	0.000400074	0.000745907	6.6056e-05	0.000702171	0.000751956	0.000284239	0.000291319	0.000576646	0.000289606	0.000374577	0.000403908	0.000535641	0.000610313	0.000488776	0.00044122	0.000565557	0.000407609	0.000824732	0.000689993	0.000399872	0.000526562	0.000693199	0.000107211	0.000480722	0.000691472	0.000667762	0.00020394	0.000527565	0.000629573	0.000555338	0.000585004	0.000355244	0.000371337	0.000392648	0.000173793	0.000602298	0.000613794	0.000663956	0.000219504
C68_R108_LN6	0.0003558	0.000570736	0.000843859	0.000442262	0.000398957	0.000610329	0.000462901	0.000472503	0	0.000231188	0.000570964	0.000439134	0.000626451	0.000681754	0.000430592	0.000632919	0.000420975	0.000592202	0.000228469	0.00030713	0.000311608	0.000487432	0.000366412	0.000369323	0.000375321	0.000255962	0.000373634	0.000143232	0.00065435	0.000335007	0.000732782	1.78231e-05	0.000372936	0.000715717	0.000388458	0.000189482	0.000389257	0.000287636	0.000450779	0.00056982	0.000278294	0.00046945	0.00047278	0.000692685	0.000470171	0.000283773	0.000949529	0.000354365	0.000451787	0.000402726	0.000826873	8.60446e-05	0.000387639	0.000603003	0.000715352	0.000211342	0.000457036	0.000692072	0.000492797	0.000415295	0.000295035	0.000518528	0.000389894	0	0.000554508	0.000570137	0.000578785	0.000124889
C68_A17_B7_D	0.000254443	0.000124292	0.000804179	0.000520033	0.000579682	0.000492779	0.000338188	0.000422497	0	5.16146e-05	0.000138309	9.45294e-05	0.000466637	0.000772112	0.000145662	0.000534167	0.000280689	0.000248148	0.000241585	0.000130484	6.65813e-05	0.000313829	0.000248156	0.000140803	0.000159154	0.000101072	0.000215339	0	0.000359996	7.99133e-05	0.000625554	1.74816e-05	0.000424857	0.000379354	9.91738e-05	0.000109555	0.000105448	8.67575e-05	0.000161281	0.000171345	0.000265197	0.000390758	0.00020357	0.00052802	0.000196533	5.44702e-05	0.00080636	0.000339111	5.89697e-05	0.000390762	0.000812997	0	0.000294958	0.000740167	0.000943495	8.08033e-05	0.000166108	0.000398027	0.000199528	0.000325404	0.000210384	0.000408523	0.000340702	0	0.000269369	0.000329036	0.00035635	0.000229351
C68_R108_B7	0.000674636	0.000466537	0.000804757	0.000634718	0.000598482	0.000642652	0.000613128	0.000487775	0.000337626	0.000296127	0.000206143	0.0004347	0.000725507	0.000912315	0.000291932	0.000562786	0.000421277	0.000238177	0.000212851	0.000476049	0.000352066	0.000424142	0.000239764	0.000571262	0.000710516	0.000150153	0.000209659	0	0.000645699	0.000312026	0.000687541	0.000153572	0.000411131	0.000586064	0.000276108	0.000155395	0.000598111	0.000447087	0.000476829	0.000269307	0.000370027	0.000325606	0.000339759	0.000787882	0.000432777	0.000333371	0.000618522	0.000676102	0.000364553	0.000570907	0.000833715	0.000225407	0.000514581	0.000580996	0.000978873	0.000211862	0.000342445	0.000636531	0.000519043	0.000448306	0.000379569	0.000810502	0.000751576	0.000290061	0.000317476	0.000627375	0.000281952	0.000123093
C68_R108_N5	0.000427669	0.000562177	0.00081622	0.00052477	0.000622254	0.000600902	0.000432512	0.00041636	0.00010645	0.000287905	0.000400232	0.000447013	0.000685139	0.000618475	0.000537958	0.000618471	0.000724573	0.000426394	0.000158664	0.00036566	0.000345804	0.000449131	0.000383999	0.000409092	0.000324817	0.000178999	0.000366974	2.48662e-05	0.000521496	0.000400559	0.000771858	4.71731e-05	0.000462828	0.00068767	0.000311093	0.000285139	0.000402209	0.000507651	0.000507493	0.000400884	0.000366837	0.000323651	0.000448925	0.000503155	0.000481051	0.000395634	0.000752903	0.000395573	0.000449606	0.000722172	0.00071673	0.000111849	0.000518182	0.000624632	0.000788084	0.000328656	0.000520129	0.000577917	0.000471482	0.000549033	0.000362089	0.0004009	0.000408062	0.000110963	0.000652377	0.000426438	0.00046581	0.000162095
C68_A17_L3	0.000379986	0.000269607	0.000939263	0.000514192	0.000578317	0.000539029	0.000304512	0.000335864	0.000142777	0.000107872	0.000228867	0.000190543	0.000557826	0.000691249	0.000131192	0.000644523	0.000515536	0.000359953	0.000228957	0.000203208	0.000216706	0.000295072	0.000306034	0.000328996	0.000287162	0.000144849	0.000237562	6.33177e-05	0.000467467	0.000146699	0.000545422	7.80121e-05	0.000368492	0.000428236	0.000192712	0.000151095	0.000317608	0.000260919	0.000359806	0.000189555	0.000358732	0.000362874	0.000367077	0.000444797	0.000308971	0.000163285	0.00077924	0.000318687	0.000180632	0.000551034	0.00085984	9.47745e-05	0.000364216	0.000609817	0.000816182	0.000201906	0.000316416	0.00048701	0.000230197	0.000377431	0.000266413	0.000342564	0.000345414	0.000131115	0.000373524	0.000281942	0.0003946	0.000271763
C68_A17_X4	0.000415299	0.000268577	0.000888545	0.00046147	0.000656154	0.000559178	0.000319941	0.00035641	0.000202956	0.000161203	0.000211184	0.00029	0.000593051	0.00068747	0.000143278	0.000543338	0.000366633	0.000496913	0.000276725	0.000207555	0.00013095	0.000306396	0.000328237	0.00042754	0.000351241	0.000158347	0.000262515	4.37905e-05	0.000463676	0.000164522	0.000552019	0.00010478	0.000562873	0.000519305	0.00019861	0.000166065	0.000373756	0.000254006	0.00032611	0.00018786	0.0003959	0.000485346	0.000306045	0.000521884	0.000287332	0.000174576	0.000826916	0.000342165	0.000140402	0.000474697	0.000883274	8.70555e-05	0.000398671	0.000778249	0.000875643	0.000124883	0.000254659	0.000453164	0.000241316	0.000412026	0.000283283	0.000519122	0.000395073	0.000183627	0.00038471	0.000381292	0.000447834	0.000267784
C68_R108_X2	0.000766486	0.000528947	0.000748696	0.000555602	0.000703819	0.000573219	0.000398658	0.000392457	0.00027827	0.000272583	0.000507469	0.000405666	0.000628817	0.000810942	0.000499336	0.000636132	0.000620529	0.000489072	0.000259301	0.000456291	0.000478424	0.00038751	0.000480378	0.000453233	0.000455165	0.000202316	0.00034633	0	0.000656333	0.000494534	0.00074133	9.97396e-05	0.000446988	0.000739486	0.000285329	0.000257205	0.000482725	0.000502539	0.000379142	0.000521928	0.000361713	0.000417114	0.000509398	0.000463441	0.000592409	0.000156406	0.000685973	0.000440571	0.000434207	0.000632881	0.000670225	6.7325e-05	0.000445866	0.000664663	0.000832001	0.000231	0.00053018	0.000661498	0.000497509	0.000565561	0.000306499	0.000355822	0.000381479	0.000255088	0.000649209	0.000527952	0.000539485	0.000206371
C68_initial_2	0.000457673	0.000419798	0.00046199	0.00043294	0.000518227	0.000477197	0.000448765	0.000457186	0.000308564	0.000375089	0.000391557	0.000441987	0.000410202	0.000426135	0.000338659	0.000499806	0.000515632	0.000472689	0.000186791	0.000465693	0.000417554	0.000457817	0.000365049	0.000418786	0.000385364	0.000303666	0.000307187	0.00020653	0.000491756	0.00033165	0.000508362	0.000287889	0.000446478	0.00047197	0.000372061	0.000320686	0.000434056	0.000432846	0.000528306	0.000344096	0.000400164	0.000409544	0.000475151	0.000510533	0.000556052	0.000289944	0.00047964	0.000421415	0.00042719	0.000521618	0.000453972	0.000249148	0.000331519	0.000502392	0.000427135	0.000294773	0.000363351	0.000469231	0.000371474	0.000399182	0.000408229	0.000405588	0.00047078	0.000256089	0.000455888	0.000402513	0.000405775	0.000188947
C68_R108_B8	0.000680385	0.000401707	0.000751455	0.00055032	0.00079006	0.000474066	0.000496557	0.000648849	0.000425713	0.000323609	0.000427157	0.000469123	0.000632133	0.000831337	0.000251372	0.000679756	0.000476907	0.000468101	0.000218965	0.000401099	0.000257742	0.000580285	0.000494307	0.000575389	0.000503107	0.00026876	0.000346681	0	0.000603971	0.000308471	0.000691274	0.000167947	0.000689217	0.000613127	0.000520321	0.000241643	0.00039385	0.000470913	0.000328835	0.000451819	0.00039518	0.000501474	0.000431754	0.000820565	0.000497241	0.000416998	0.000665794	0.000449277	0.000316563	0.000536327	0.000876436	9.8318e-05	0.000355009	0.000550375	0.00088698	0.000205681	0.000376525	0.000361547	0.000425132	0.000383943	0.000290014	0.000700865	0.00060194	0.000343961	0.000369751	0.000421091	0.000573382	0.000140675
C68_R108_N3	0.000708833	0.000540576	0.000696161	0.000454775	0.000657202	0.000501117	0.000432826	0.000410063	0.000212557	0.000463568	0.000428031	0.000386398	0.000646437	0.00056803	0.000580216	0.00075897	0.000446867	0.000405514	1.85876e-05	0.000354115	0.000358944	0.000572684	0.000455713	0.000462141	0.0005619	0.000159126	0.000319732	0	0.000663439	0.000614158	0.000640096	6.89057e-05	0.000494958	0.000821801	0.00028044	0.000215426	0.000494263	0.000537366	0.000465622	0.000452998	0.000285389	0.000368225	0.000416582	0.00042561	0.000404211	0.000364839	0.000528445	0.000508111	0.000485598	0.00060393	0.000653742	9.59879e-05	0.000445725	0.00068523	0.000793625	0.000212375	0.000639776	0.000459271	0.000500296	0.000509409	0.00036975	0.000666152	0.000431562	0.000177893	0.000803085	0.000546397	0.000468698	0
C68_R108_N4	0.000671263	0.000489769	0.000740725	0.000654477	0.000470151	0.000539027	0.000563358	0.000396152	0.000253489	0.000256878	0.000359968	0.000331611	0.000579837	0.000710776	0.000391265	0.000612652	0.000472259	0.000473272	1.36122e-05	0.000502882	0.000275848	0.000398418	0.000454958	0.000431612	0.000421027	0.000181952	0.000300271	0	0.000457657	0.000323815	0.000461014	0.000143838	0.000544815	0.000500835	0.00024533	0.000169588	0.000476929	0.000480113	0.000478743	0.000421634	0.000459516	0.000450921	0.00040905	0.00045685	0.000460226	0.00042433	0.000696869	0.000465804	0.000358484	0.000426788	0.000640373	0.000101722	0.00045902	0.000677467	0.000750553	0.000193307	0.000454322	0.000634907	0.00044688	0.00041778	0.000420885	0.000345205	0.000393509	8.92019e-05	0.00055717	0.000519342	0.000530053	0
C68_R108_L6	0.000412808	0.000489003	0.000534436	0.000482784	0.000639559	0.000819149	0.000357063	0.000590661	0.00023519	0.000261174	0.000524339	0.00047102	0.000384209	0.000503212	0.000562433	0.000521236	0.000425492	0.000616208	0.000160183	0.000393509	0.000441852	0.000385594	0.000546102	0.000202329	0.000208204	0.000204238	0.000380498	0	0.000644806	0.000525037	0.000660411	6.95574e-05	0.000435487	0.000787106	0.000414172	0.00027404	0.000262067	0.000490788	0.00034274	0.000374382	0.000516241	0.000540372	0.000377359	0.000495492	0.000373572	0.000133125	0.000770348	0.000633492	0.000474926	0.000533196	0.000400349	0.000112705	0.000417336	0.000592017	0.000488077	0.000496001	0.000539347	0.000598149	0.000488216	0.000592121	0.000301771	0.000595884	0.000548671	0.000226761	0.000826025	0.000374181	0.000623305	0.000245964
C68_R108_L2	0.000677694	0.000548629	0.000658569	0.000693459	0.000517391	0.00046737	0.000418025	0.000596752	0.000111534	0.00029126	0.000380019	0.000524471	0.000472126	0.000631735	0.000352267	0.000476254	0.000463381	0.000403049	0.000186784	0.000534597	0.000486804	0.000365356	0.000316518	0.000468569	0.000590599	0.000246213	0.000341714	0.000198823	0.000645362	0.000440125	0.000673753	4.81102e-05	0.000688305	0.000456496	0.00048614	0.000284046	0.00052658	0.00054959	0.000480306	0.000241995	0.000469962	0.00049971	0.000410352	0.000399418	0.000447917	0.000335361	0.000537803	0.000477538	0.000505095	0.000575283	0.00053547	0.000112181	0.0004243	0.000604975	0.000663177	0.000201409	0.000485172	0.000654916	0.000491543	0.000428876	0.000502045	0.000326185	0.000388696	0.000110088	0.000537156	0.00053753	0.000524231	0.000375341
C68_R108_L5	0.000669855	0.000457832	0.000650295	0.000386839	0.000434597	0.000702971	0.000338901	0.000548983	0.000229785	0.000296646	0.000288413	0.000333553	0.00055062	0.000592658	0.000375641	0.000545701	0.000418765	0.000500722	0.000407074	0.000445155	0.000406356	0.000392195	0.000374924	0.000406209	0.000390363	0.000214336	0.000383333	0	0.000562218	0.000316966	0.000659266	7.14594e-05	0.000493438	0.00065495	0.000459664	0.000283204	0.00045906	0.000471063	0.000410284	0.000274484	0.000375277	0.000536887	0.000423334	0.000355508	0.000479923	0.00042478	0.000599969	0.000544045	0.00037162	0.000570798	0.000564899	0.000108456	0.00035746	0.000608878	0.000608673	0.000304211	0.000439032	0.000514283	0.000435944	0.000381699	0.000447624	0.000319838	0.000588351	0.000240712	0.000557268	0.000499234	0.000583687	0.000470276
C68_A17_L4	0.000359796	0.000292215	0.000873065	0.000375455	0.000467163	0.000455921	0.000349291	0.000269358	0.000211252	0.000125023	0.000197915	0.000309187	0.000549543	0.000719857	0.000279466	0.000454513	0.000425337	0.00042522	0.000297698	0.000222062	0.000202631	0.000326943	0.000269165	0.000322192	0.000341643	0.000201946	0.000183701	5.46892e-05	0.000444136	0.000285457	0.000391798	9.55579e-05	0.000487942	0.000587876	0.00028426	0.000238605	0.00036994	0.000266394	0.000314046	0.000271288	0.000334146	0.000439173	0.000334632	0.000434264	0.000357985	0.000125733	0.000611121	0.000456665	0.000175317	0.000476277	0.000804516	9.83152e-05	0.000336389	0.000471902	0.000797831	0.000136518	0.000354865	0.000303106	0.000250801	0.000271465	0.000249616	0.000485496	0.000354513	0.000204483	0.000496723	0.000378856	0.00042443	0.000267587
C68_R108_LN2	0.00073996	0.000538476	0.000704515	0.000527162	0.000425911	0.000617783	0.000376643	0.00034891	0.000269915	0.000435293	0.000405522	0.000478793	0.000523144	0.000642475	0.000504039	0.000532068	0.000532379	0.000460905	0.000146262	0.000323277	0.000330426	0.000392547	0.000350805	0.000277629	0.000330883	0.000206242	0.000331369	0.000114624	0.000587358	0.000353882	0.000737378	0.00013465	0.000663702	0.000563339	0.000260791	0.000223613	0.00029227	0.000557417	0.000420475	0.000342583	0.000511276	0.00045798	0.000456836	0.00047863	0.000400108	0.0002582	0.000874712	0.000657905	0.000330799	0.000764925	0.000639966	8.21001e-05	0.000488559	0.000724583	0.000634516	0.000330788	0.00042592	0.000492085	0.000555069	0.000533063	0.00032575	0.000420224	0.000595634	0.000232847	0.000390833	0.000675536	0.00057851	0.000209808
C68_Gm8-5_D1	0.000635686	0.000459135	0.000410069	0.000534642	0.000534384	0.0007099	0.000506797	0.000396931	0.000140262	0.000204831	0.000275241	0.000378598	0.000295972	0.000408357	0.000328748	0.00056668	0.000551499	0.000442834	0	0.000374593	0.000290136	0.000351855	0.00033952	0.000476612	0.000273996	0.000104729	0.000245981	0	0.00061473	0.000310012	0.00061128	9.14164e-05	0.00054313	0.000658779	0.000211448	0.000127906	0.000395051	0.000407004	0.000409042	0.000314233	0.000316153	0.000307477	0.000400067	0.000665554	0.00046588	0.000310353	0.000779321	0.000586467	0.000274246	0.000444011	0.000508292	0.00015834	0.000381583	0.000747051	0.000469192	0.000241576	0.000449883	0.000592584	0.000398022	0.000478607	0.000475388	0.000380427	0.000344582	3.23236e-05	0.000711485	0.00057007	0.000427426	0
C68_R108_S7_D	0.000728201	0.0006284	0.000658446	0.000346075	0.000482144	0.000679792	0.000552171	0.000468722	0.000140878	0.00032783	0.000419606	0.000491063	0.000659171	0.00075429	0.000364523	0.000378867	0.000584511	0.000619811	0.000255938	0.000580109	0.000369703	0.000523081	0.000409992	0.000557595	0.000499068	0.000234188	0.000317821	0	0.000517777	0.000483634	0.000460315	5.47736e-05	0.000619712	0.000608713	0.000455254	0.000254214	0.000647613	0.000637214	0.000609509	0.000413588	0.000328697	0.000363206	0.000660272	0.000471638	0.000891933	0.000221123	0.00049048	0.000379825	0.000378577	0.000430991	0.00061338	0.000136399	0.000410644	0.000495683	0.000750222	0.000255823	0.000370819	0.000421606	0.000528332	0.000469691	0.000326483	0.000324794	0.000387706	0.000138917	0.000306218	0.000288801	0.000514078	0.000222037
C68_initial_1	0.000409488	0.000366769	0.000423467	0.000377641	0.000456892	0.000424761	0.000408657	0.000407902	0.000279224	0.000320349	0.000332822	0.0003834	0.000387502	0.000385642	0.000304299	0.000443002	0.000453724	0.000405556	0.000169143	0.000410268	0.000372225	0.000393362	0.000320545	0.000363485	0.000336074	0.000274285	0.000281964	0.000183874	0.00044239	0.000300293	0.000447974	0.00025866	0.000393503	0.000413213	0.000336119	0.000288213	0.000368246	0.000386479	0.000465992	0.000286818	0.000360785	0.00034581	0.000419028	0.000453526	0.000487852	0.000254857	0.000422206	0.000372399	0.000378904	0.000468588	0.000419751	0.000211161	0.000297257	0.000452132	0.000393286	0.000272261	0.000326224	0.000415675	0.000329522	0.000360563	0.000365188	0.000360173	0.000413072	0.000232892	0.000409279	0.000357349	0.000348412	0.000165508
C68_A17_S9	0.000233708	0.000220197	0.000812302	0.0003586	0.000408612	0.000525142	0.000368769	0.000394849	0.000356172	0.000104266	0.000123986	0.0002107	0.000560481	0.000678864	0.000227494	0.00046583	0.000377261	0.000349558	0.000130152	0.000250008	0.000136099	0.000356127	0.000225169	0.00036542	0.000320058	0.000107238	0.000238658	0	0.000337037	0.000190408	0.000475388	0.000177131	0.000366047	0.000457752	0.000173382	0.00011115	0.000352519	0.00023782	0.000256623	0.000175269	0.000225853	0.000325424	0.000268256	0.00039215	0.000276246	0.00016224	0.000437879	0.000212405	0.000106311	0.000439586	0.000816681	4.03001e-05	0.000214788	0.000412377	0.000906703	8.78553e-05	0.000232837	0.000323105	0.000240065	0.000255783	0.000185664	0.000353019	0.00037197	0.000203942	0.000285837	0.00035622	0.000335282	0.000109075
C68_R108_L3	0.000726795	0.000415823	0.000378309	0.000558256	0.000524153	0.000780197	0.000447058	0.000533577	0	0.000285052	0.000516807	0.000320651	0.00019487	0.000339007	0.000340802	0.000727616	0.000414572	0.000581293	0.000188263	0.000302784	0.000221078	0.000438461	0.000365236	0.000179248	0.00017996	0.000154942	0.000313086	0	0.000571561	0.000276424	0.000455723	0	0.000606289	0.000601261	0.000347392	0.00024451	0.000182868	0.000349093	0.000249293	0.000424118	0.000444355	0.000506481	0.000407711	0.00042569	0.000429058	0.000212544	0.000833491	0.000743064	0.000375091	0.000614064	0.000414284	7.24653e-05	0.000379819	0.000678124	0.000270006	0.000166991	0.000390089	0.000620219	0.00046721	0.000573393	0.00042997	0.000700243	0.000456534	0	0.000483853	0.000595356	0.000599819	9.15097e-05
C68_R108_LN5	0.000757429	0.00045042	0.000620157	0.000469448	0.000499321	0.000585677	0.000372186	0.000598103	0.000218283	0.000372934	0.000404272	0.000511662	0.00055597	0.000728481	0.000244823	0.000564208	0.000493313	0.000401693	0.000164011	0.000296828	0.00041494	0.000434321	0.000419102	0.000531192	0.000477794	0.000201615	0.00034787	0	0.000673336	0.000205345	0.000782731	7.48258e-05	0.000745288	0.000481866	0.000336794	0.000200491	0.000593424	0.000245361	0.000499478	0.000261871	0.00050737	0.000347062	0.000578351	0.000468249	0.000492862	0.000340745	0.000956778	0.000547136	0.00042487	0.000654329	0.000543272	8.81866e-05	0.00048536	0.000737802	0.000619581	0.000186311	0.000252583	0.000607429	0.000537887	0.000601161	0.000454754	0.000351847	0.000394286	0.000201749	0.000372787	0.000522475	0.000477773	0.000257202
C68_R108_X1_D	0.000448289	0.000327707	0.000794351	0.000468909	0.000424561	0.000504036	0.000664684	0.000327612	0.000354541	0.000319701	0.000420701	0.000410118	0.000778969	0.00071368	0.0004477	0.000442618	0.00074883	0.000489277	0.000163085	0.000320493	0.000581329	0.000472491	0.000528156	0.000330918	0.000286725	0.000234434	0.00042172	0	0.000407517	0.000451525	0.000718943	0.000159715	0.00069935	0.000573398	0.000486047	0.00032305	0.000338956	0.000651754	0.000644111	0.00051113	0.000535946	0.000395492	0.000482107	0.000772006	0.00042978	0.000393883	0.000565855	0.000359639	0.000331095	0.000746507	0.000742924	7.64082e-05	0.000488977	0.000523944	0.000900105	0.000319639	0.000486962	0.000740141	0.000551512	0.000565409	0.000388626	0.000336025	0.000424367	0.00030492	0.000423671	0.000619877	0.000585227	0.000139632
C68_A17_B9	0.0004024	7.80099e-05	0.000728528	0.000316112	0.000474321	0.000544363	0.000231129	0.000296761	0.000104138	4.64543e-05	0	9.08048e-05	0.000418138	0.000532611	9.82896e-05	0.000319187	0.000281431	9.98259e-05	0	9.93702e-05	4.77214e-05	0.000251832	4.50221e-05	0.000208394	0.000150939	0	6.60276e-05	0	0.00043614	8.51207e-05	0.000459732	4.93804e-05	0.000300997	0.000350243	9.11325e-05	3.40524e-05	0.000148242	9.77077e-05	0.000124309	0	0.000208565	8.3054e-05	0.000218682	0.000399665	0.000157893	4.99217e-05	0.000721611	0.000262628	5.01841e-05	0.000276463	0.000700818	2.87895e-05	0.000241447	0.000392509	0.000835713	8.66462e-05	0.000177261	0.000321908	0.000127553	0.000288981	0.000148877	0.000326006	0.000198971	0.000101479	0.000318275	0.000261867	7.07286e-05	0
C68_Gm12-7_D2	0.000723216	0.000588023	0	0.000443584	0.000552031	0.000664274	0.000460814	0.000287468	0.000196184	0.000564758	0.000556278	0.000395751	0	0	0.000393181	0.000513761	0.00042492	0.000647539	0	0.000470112	0.000425019	0.000468225	0.000324256	0.000566216	0.000395962	0.000203112	0.000263304	0	0.000561784	0.000337599	0.000484422	0.000101216	0.000560107	0.000640977	0.000300853	0.000172733	0.000445843	0.000636533	0.00052798	0.000534749	0.000393323	0.000542989	0.000417539	0.000665848	0.000544461	0.000516936	0.00059575	0.000386502	0.000437862	0.000467606	0	0.000132919	0.000390697	0.000689545	1.154e-05	0.000253718	0.000456107	0.000581025	0.000465452	0.000470829	0.000455069	0.000304482	0.000607577	8.91546e-05	0.00054697	0.000450222	0.000482778	0
C68_R108_N6	0.000772659	0.000547515	0.000313877	0.000394303	0.000723485	0.000505743	0.000382327	0.000417066	0.000336177	0.000271556	0.000369666	0.000388618	0.000302466	0.000251247	0.00059012	0.000563381	0.000516067	0.000528009	0.000220586	0.00039886	0.000528963	0.00041222	0.000434114	0.000426744	0.000368295	0.000248065	0.000418795	0	0.000721325	0.000464608	0.000700411	0.000122967	0.000747032	0.000540823	0.000295665	0.000323012	0.000454306	0.000473919	0.000531068	0.00045476	0.0003735	0.000361744	0.000489555	0.000826333	0.000569269	0.000478374	0.000582462	0.000424847	0.000518427	0.000603243	0.000380339	9.41072e-05	0.000484058	0.000524677	0.000364799	0.000293624	0.00047363	0.000625202	0.00051537	0.000561545	0.000485014	0.000658677	0.00069915	0.000323796	0.000537661	0.000367238	0.000534653	0.000164872
C68_R108_N2	0.000635488	0.000422339	0.000653458	0.000458541	0.000473706	0.000523428	0.0006059	0.000538505	0.000304711	0.000311885	0.000384114	0.000396318	0.000598869	0.000724472	0.000245582	0.000510523	0.000659851	0.000473953	0.000206771	0.0004579	0.000240839	0.000457284	0.00037747	0.000403275	0.000508696	0.000150368	0.000296177	0	0.00043664	0.000309751	0.000642087	0.000154179	0.000654409	0.000582616	0.000284752	0.000198364	0.000492579	0.000483195	0.000461992	0.000385823	0.000445958	0.000585426	0.000423513	0.000745174	0.00038203	0.000341292	0.000766404	0.000436476	0.000238553	0.00052684	0.000608562	0.00011958	0.000416672	0.000554067	0.000765622	0.000193355	0.000354028	0.000687579	0.000517934	0.000575783	0.000297679	0.000553005	0.000366067	0.000294175	0.000375826	0.00057915	0.000564838	0.000152446
C68_R108_B10_D	0.000641149	0.000286983	0.000792113	0.000448207	0.000781312	0.000491038	0.000544794	0.000603617	0.000253988	0.000220993	0.000199946	0.000427749	0.000624654	0.000838784	0.000408556	0.00042211	0.000450089	0.000214436	0.000367207	0.000248053	0.000329102	0.000436544	0.000216589	0.000350286	0.000242507	0.000248174	0.000374643	0	0.000544361	0.000377656	0.000694506	7.19497e-05	0.000594157	0.000666532	0.000351606	0.000292051	0.000299543	0.000382478	0.000303733	0.00022962	0.00049646	0.000248018	0.000315968	0.000791943	0.00040874	0.000407568	0.000585503	0.000436017	0.000271697	0.000506808	0.000896841	9.20976e-05	0.000479687	0.00060851	0.000819134	0.000348343	0.000510845	0.000511275	0.000389584	0.000481018	0.000351965	0.000680049	0.000619135	0.000267699	0.00059836	0.000484088	0.000309093	0.000291457
C68_R108_S10_D	0.000729905	0.000505974	0.000797461	0.000399595	0.000508613	0.000695425	0.000492601	0.000369083	0.000280668	0.000306537	0.0001973	0.000429592	0.000676401	0.000654481	0.000381797	0.000524687	0.000595446	0.000262481	0	0.000399893	0.000439	0.000415826	0.000193074	0.000410267	0.000248096	0.000135348	0.00026707	0	0.000603899	0.000359094	0.000672283	0.000131264	0.000631426	0.000609035	0.000363728	0.000123371	0.000395571	0.000520061	0.000511393	0.00017361	0.000408861	0.000234484	0.000538961	0.00067209	0.000721398	0.000236572	0.000626461	0.000464211	0.000383099	0.000636146	0.000694945	6.54716e-05	0.000391556	0.000458297	0.000832611	0.000161274	0.000344812	0.00036321	0.000480766	0.00047117	0.00040827	0.00044684	0.000625755	0.000142158	0.000359545	0.000550709	0.000274215	0
C68_R108_S9_D	0.000683062	0.000630666	0.000678567	0.000481305	0.00044654	0.000474772	0.000531367	0.000328053	1.39418e-05	0.000561447	0.000396598	0.000717933	0.000435272	0.000592013	0.000489766	0.000515537	0.00062783	0.000565898	0	0.000427345	0.000609147	0.000560721	0.000451603	0.000536778	0.000366828	0.00020409	0.000346401	0	0.000603162	0.000316275	0.000616608	0	0.000438323	0.000603192	0.000585338	0.000206065	0.000422905	0.000543091	0.00044474	0.000435623	0.00027344	0.000363529	0.000565682	0.000692878	0.000708887	0.000464748	0.000560138	0.000367414	0.00063715	0.000682805	0.000541034	7.34662e-05	0.000362884	0.000511924	0.000572137	0.000211403	0.000445747	0.000540441	0.000480409	0.000407065	0.000463082	0.000341256	0.000729345	0	0.000408876	0.000604644	0.000522154	0
C68_R108_S9	0.000596142	0.000503801	0.000758211	0.000401641	0.000393913	0.000476122	0.000460683	0.0002869	0	0.000419296	0.000382795	0.000594217	0.000422086	0.000626109	0.000299927	0.000459606	0.000562256	0.000473056	0	0.000372042	0.000511165	0.00048258	0.000396522	0.000464107	0.000304968	0.000185586	0.000243026	0	0.000526145	0.000199301	0.000645074	0	0.000383536	0.000546298	0.000451963	0.000218651	0.000382985	0.000425656	0.00035934	0.000426472	0.000232567	0.000333288	0.00048977	0.000647119	0.000618447	0.000375782	0.000570192	0.000343671	0.000505614	0.00059661	0.000608988	7.35849e-05	0.00030746	0.000650454	0.000613332	0.000211614	0.000298613	0.000459023	0.000366	0.000329422	0.000446084	0.000349741	0.0006178	0	0.000381443	0.000466371	0.000449548	0
C68_A17_S8	0.000592064	0.00032534	0.000848519	0.000379065	0.000484621	0.000387776	0.000247531	0.000490676	0.000375086	0.000171823	0.000299625	0.000364582	0.000590142	0.000775126	0.000274477	0.000549126	0.00057881	0.000434239	5.62458e-05	0.000394314	0.000252992	0.000427769	0.000278354	0.000432151	0.000381001	0.000115595	0.000197533	0	0.000402459	0.00013771	0.0005957	0.000201838	0.000527629	0.000532687	0.000246631	0.000117032	0.00048515	0.000309686	0.000403347	0.000282143	0.000363915	0.000295571	0.000410745	0.000370638	0.000456221	0.000141178	0.00043524	0.000359522	0.000180725	0.000514814	0.000700961	6.00626e-05	0.000291204	0.00048071	0.000841758	0.00012647	0.000296221	0.000443182	0.000232085	0.00026962	0.000244387	0.00040407	0.000511494	0.000186885	0.000337973	0.000397503	0.000387931	0.000105857
C68_R108_B9	0.000641879	0.000354887	0.000484055	0.000504843	0.000448779	0.000557678	0.000480377	0.000520231	0	0.000216746	0.000219248	0.000479124	0.000476778	0.000613468	0.000235848	0.000623447	0.000422519	0.000306029	0.000237516	0.000442725	0.000357094	0.000509095	0.000285455	0.000349691	0.000222446	0.0001855	0.000316617	0	0.000643642	0.00020675	0.000690629	0	0.000615351	0.000471227	0.000278076	0.000238408	0.000275662	0.000412686	0.000399124	0.000279655	0.000436263	0.000249904	0.000486055	0.000544612	0.000376497	0.000394968	0.000694366	0.000720491	0.000338739	0.000521234	0.000632148	9.85543e-05	0.000455857	0.000533558	0.000595585	0.000170961	0.000220005	0.000554524	0.000429234	0.000499073	0.000337096	0.000640563	0.000558466	0	0.000207951	0.000658161	0.000352332	0.000128823
C68_R108_X4	0.000806133	0.000560487	0.0006094	0.000613908	0.00058225	0.000589105	0.000518382	0.000445565	0.000359147	0.000409257	0.000514956	0.000392334	0.000563123	0.000550155	0.000272875	0.000539186	0.000734634	0.000532421	0.000258559	0.000449788	0.000326448	0.000628963	0.000491495	0.000508701	0.000329598	0.000248179	0.000373222	0	0.000762322	0.000300388	0.000694339	0.000171067	0.00049994	0.000665152	0.000303902	0.000277615	0.000421423	0.000589883	0.000426515	0.000528584	0.000511693	0.000401516	0.000501664	0.000487947	0.000592589	0.000454099	0.000682163	0.000417025	0.000449537	0.000761862	0.000578432	0.000132935	0.000440597	0.000586361	0.000683529	0.000190819	0.000375088	0.000682069	0.000551933	0.000573776	0.000336528	0.00048867	0.000445963	0.00030335	0.000475259	0.000656809	0.000422519	0.000170091
C68_A17_X2_D	0.000263937	0.000182667	0.000791165	0.000413745	0.000526312	0.000454934	0.000324996	0.000308782	0.000198138	9.59258e-05	0.000150434	0.000172193	0.000502351	0.000625718	9.44774e-05	0.000426573	0.00039384	0.000245013	0.000314763	0.00016852	0.000145378	0.000233037	0.000239801	0.000212335	0.000211344	0.000147258	0.000139646	2.94437e-05	0.00034836	0.000111429	0.000562975	0.000100823	0.00044212	0.000436906	0.000163434	0.000159304	0.000220843	0.000171474	0.000214984	0.000126766	0.000319311	0.000295912	0.000218328	0.00039323	0.000197955	0.000107806	0.000609129	0.000251916	0.000106382	0.000431922	0.000823991	8.26933e-05	0.000312961	0.000617396	0.000781458	0.000137049	0.000221287	0.000369901	0.000210304	0.000277439	0.000216775	0.000425768	0.000269701	0.000201055	0.000279848	0.000366691	0.000320384	0.000284827
C68_A17_X5	0.000306553	0.000252894	0.000867679	0.000526577	0.000413045	0.000427583	0.000329862	0.000257071	0.000176372	0.000107376	0.000179176	0.000257428	0.000531402	0.000654142	0.000197404	0.00055886	0.000362554	0.000325448	0.000249202	0.000200806	0.000175725	0.000388657	0.000264626	0.000376707	0.000277058	0.000167609	0.000252606	0	0.000379682	0.000187168	0.000530891	8.47709e-05	0.000424159	0.000511019	0.00022586	0.000116766	0.000333923	0.000219217	0.000320751	0.000216587	0.000291704	0.000302107	0.0002743	0.000349405	0.000288322	0.000168195	0.000576799	0.000266968	0.000138985	0.000443755	0.000795213	7.48265e-05	0.000267111	0.000517914	0.000845901	0.000122502	0.000330312	0.000413167	0.000238461	0.000202512	0.000217636	0.000408394	0.000268762	0.000168937	0.000461008	0.000337376	0.000315304	0.000222547
C68_A17_X2	0.000283785	0.000287845	0.000714996	0.000458784	0.000455654	0.000457707	0.000261509	0.000256962	0.000203656	0.000115835	0.00018264	0.00029375	0.000470605	0.000556975	0.000154803	0.000419035	0.000416396	0.000322909	0.000327656	0.000248448	0.000198496	0.000243884	0.000274182	0.000272611	0.000221826	0.000154015	0.000149612	3.39101e-05	0.000366977	0.000134739	0.000508166	9.46306e-05	0.000422995	0.000436668	0.000212963	0.000168052	0.000298861	0.000253832	0.000268467	0.000152594	0.000324943	0.000303076	0.000332172	0.000333162	0.00039803	0.00013346	0.000679852	0.000253221	0.000165696	0.000420585	0.000712824	0.000108353	0.000301726	0.000524242	0.000683394	0.000142414	0.000250446	0.000409363	0.000230178	0.000236809	0.000222545	0.000422023	0.000249546	0.000202336	0.000286275	0.00031328	0.00033149	0.000270042
C68_R108_B10	0.000562753	0.000294318	0.000769252	0.000431811	0.000726247	0.000527062	0.000482225	0.000555363	0.000224719	0.000220714	0.000214861	0.00034289	0.000562712	0.000748788	0.000381867	0.000402858	0.000384018	0.000217127	0.000321522	0.000259487	0.000306055	0.000414621	0.000219373	0.000407171	0.000336639	0.000202344	0.000332842	0	0.000550417	0.000271072	0.000665424	7.59293e-05	0.000559536	0.000597715	0.000317957	0.000223285	0.000347673	0.000365578	0.000327512	0.000228381	0.000468205	0.000259123	0.000305158	0.000691229	0.000378411	0.00039555	0.000601731	0.000303919	0.000269446	0.000467318	0.000815679	8.50582e-05	0.000447146	0.000559582	0.0007501	0.000296368	0.00040445	0.000490559	0.000378031	0.000435741	0.000328193	0.000599877	0.000352486	0.000235284	0.000529813	0.0004389	0.000290789	0.000248014
C68_Gm26-1_D2	0.000688034	0.000567816	0.000331949	0.00037344	0.000556019	0.000592367	0.00030288	0.000292678	6.06753e-05	0.000387958	0.000638887	0.000611017	0.000279048	0.000272847	0.000317934	0.000554541	0.000532682	0.000501025	0	0.00042181	0.000396879	0.000364003	0.0005044	0.000367185	0.000203619	0.000175151	0.00036351	0	0.000610773	0.000267798	0.000450721	3.07182e-05	0.000336544	0.000546967	0.000286465	0.000227682	0.000271718	0.000572829	0.00062995	0.00059983	0.00033758	0.000475543	0.000425933	0.00040384	0.000511799	0.000315313	0.000521368	0.000649953	0.000652459	0.000513512	0.000306561	8.92488e-05	0.000318464	0.000523681	0.000316748	0.000216035	0.000353698	0.000554829	0.000476712	0.000457536	0.000444081	0.000400599	0.000481631	5.35533e-05	0.000386257	0.000406181	0.000543499	0
C68_A17_S9_D	0.000208687	0.000139567	0.000770534	0.000314225	0.000368865	0.000487351	0.00032609	0.000330612	0.000279242	6.29072e-05	0.000107611	0.000144685	0.000506639	0.000661435	9.30087e-05	0.00040842	0.000312823	0.000307847	0.000114589	0.000205407	8.72272e-05	0.000312307	0.000208597	0.000341057	0.000308133	9.22399e-05	0.000154923	0	0.000306113	9.43164e-05	0.000452717	0.000141259	0.000360813	0.000366864	0.000105885	7.86785e-05	0.00033094	0.000138499	0.000175718	0.000159479	0.000247878	0.000317356	0.000184798	0.000323438	0.000266883	0.000149003	0.000470218	0.000188332	6.94373e-05	0.000325287	0.000759484	3.65354e-05	0.000213909	0.000381311	0.000868786	8.15485e-05	0.000168631	0.000349496	0.000171873	0.000222589	0.000149317	0.000289086	0.000320689	0.000180163	0.000242526	0.000306048	0.000299764	7.71082e-05
C68_R108_N1	0.000629524	0.000335955	0.000469553	0.000357179	0.000363623	0.000549721	0.000412775	0.000405238	5.44116e-05	0.000230479	0.000278871	0.000348789	0.000362223	0.000423106	0.000287808	0.000609218	0.000523492	0.000354254	1.10336e-05	0.000225792	0.000310569	0.0004357	0.00034302	0.000335438	0.000326035	0.000114886	0.000241007	0	0.000587203	0.000238061	0.00065625	4.29514e-05	0.000384149	0.000541401	0.000278651	0.000126455	0.000404329	0.00030119	0.000371608	0.000322846	0.000388247	0.000266378	0.000361276	0.000641003	0.000342658	0.000414095	0.000902354	0.000535971	0.000289555	0.000666484	0.000419843	8.32289e-05	0.000375201	0.000649029	0.000494552	0.00020448	0.000289327	0.000539461	0.000420995	0.000510748	0.000258131	0.000275053	0.000545664	0	0.000345194	0.000540135	0.000362492	0
C68_R108_B12	0.00052876	0.000322011	0.000854658	0.000287322	0.000250723	0.000505733	0.000266466	0.000261793	0.000438846	0.000172104	0.00040268	0.000318682	0.00058512	0.000771477	0.00021137	0.000342058	0.00023669	0.000450011	0.000108128	0.000340688	0.000233512	0.000227573	0.000342493	0.000437981	0.000346185	0.000131129	0.000246364	0	0.000340449	0.00017572	0.000407936	0.000196727	0.000404666	0.00045406	0.000209884	0.000158075	0.000495545	0.000295721	0.000223802	0.000385275	0.000231204	0.000299088	0.000333244	0.000392109	0.000434847	0.000337382	0.00052017	0.000404661	0.000206887	0.000298587	0.000669375	7.01662e-05	0.000195469	0.000302321	0.000701928	0.000101622	0.000204912	0.000382682	0.000270534	0.000169903	0.000173474	0.000194311	0.000202104	0.000339635	0.000284875	0.000307392	0.000389408	0.000242295
C68_Gm20-2_D2	0.000310204	0.000460914	0	0.000298535	0.000424011	0.000530837	0.000340688	0.00041981	0.000156233	0.000335482	3.84095e-05	0.000583554	0	0	0.00038728	0.000764693	0.000419541	7.22625e-05	0	0.000529116	0.000481247	0.000391143	5.15644e-05	6.99076e-05	0	4.9152e-05	9.1825e-05	1.38312e-05	0.000507085	0.000389168	0.000269849	5.4076e-05	0.000491492	0.000628391	0.000452819	5.51809e-05	6.27639e-05	0.000522559	0.000358623	3.29799e-05	0.000400903	6.17954e-05	0.000561446	0.000525733	0.000522507	0	0.000574494	0.000422268	0.000457052	0.000320198	0	0	0.00023058	0.000595841	0	0.000274607	0.000546904	0.000553481	0.000481552	0.000430849	0.000491261	0.000422862	0.00046707	6.2193e-05	0.000799927	0.000441499	5.44838e-05	0
C68_R108_X2_D	0.000728008	0.000531425	0.000708514	0.000453599	0.00064065	0.000527906	0.000388681	0.000365309	0.00025044	0.000250371	0.000458069	0.000416268	0.00065709	0.000844896	0.000577672	0.000602648	0.000606117	0.00046391	0.000236603	0.000400926	0.000491183	0.000373335	0.000508586	0.000444551	0.000388653	0.000290139	0.000407847	0	0.00068759	0.000561555	0.000738298	8.69618e-05	0.000456142	0.000762685	0.000269305	0.000288285	0.000432988	0.000546092	0.000362153	0.000488375	0.000476577	0.000398774	0.000598094	0.000443315	0.000541809	0.000144877	0.000658017	0.000419798	0.000432136	0.000637898	0.00068963	6.05038e-05	0.000448544	0.000682529	0.000786666	0.000249126	0.000604654	0.000661846	0.000632637	0.00058165	0.000327781	0.000388807	0.00037946	0.000238989	0.00059789	0.000591023	0.000561306	0.000198748
C68_R108_S8	0.000502699	0.000379347	0.000561469	0.000379572	0.000442349	0.000505417	0.000381182	0.000300463	0.000340575	0.000239404	0.000223849	0.000389597	0.000564976	0.000667031	0.000152985	0.000445204	0.000339071	0.000391829	9.92436e-05	0.000483436	0.000254773	0.00030844	0.00024921	0.00034252	0.000188242	0.000142714	0.000154428	0	0.000412846	0.000191361	0.000325108	0.000153688	0.000497976	0.000378143	0.000332415	0.000118481	0.000313447	0.000368499	0.000384974	0.000219559	0.000247343	0.000284596	0.000501244	0.000778102	0.000630881	0.000109539	0.000287103	0.00025687	0.000199151	0.000501734	0.000596287	6.3409e-05	0.000225932	0.00041355	0.000531473	0.00011803	0.000259295	0.000348754	0.000300824	0.000303696	0.000314598	0.000261513	0.00050892	0.000277639	0.000271655	0.000270335	0.000326428	7.13427e-05
C68_R108_B9_D	0.000693129	0.000377408	0.000587903	0.000396885	0.000372596	0.00054029	0.000552492	0.000464143	0	0.000211627	0.000227915	0.000492306	0.00054498	0.000700958	0.000286987	0.000632988	0.000416736	0.000336801	0.000236454	0.000467138	0.000425247	0.000499411	0.00037765	0.000346398	0.000304414	0.000197546	0.000367335	0	0.000658593	0.000212539	0.000686902	0	0.000617304	0.000456009	0.000338014	0.000269825	0.000262176	0.00046663	0.000381224	0.000331846	0.000459669	0.000321589	0.000487675	0.000449636	0.000371218	0.000386008	0.000709229	0.000708473	0.000301399	0.000491757	0.000704735	7.77764e-05	0.000545914	0.000516408	0.000720713	0.000173985	0.000265914	0.000550533	0.000552936	0.000552679	0.000273226	0.000561501	0.000535853	0	0.000205172	0.000576477	0.000448636	0.00013591
C68_A17_B9_D	0.000245915	5.19818e-05	0.000643831	0.000261739	0.000371221	0.00045667	0.00020117	0.000223146	4.6306e-05	3.3045e-05	0	5.06409e-05	0.000359395	0.000474279	6.87941e-05	0.000255372	0.00024083	7.27604e-05	0	6.6729e-05	4.30019e-05	0.00017833	4.09822e-05	6.78501e-05	7.01556e-05	0	5.58725e-05	0	0.000317546	4.95222e-05	0.000354324	2.54243e-05	0.0002238	0.000233368	5.61788e-05	3.0107e-05	5.44482e-05	6.54754e-05	8.61567e-05	0	0.00016921	7.51568e-05	0.000110238	0.000295126	9.52357e-05	0	0.000589472	0.000203182	4.06045e-05	0.000215918	0.000595125	2.00477e-05	0.000190447	0.000321445	0.000758661	5.5157e-05	0.00011332	0.000228086	9.68039e-05	0.000224599	0.000120373	0.000229346	0.000147435	4.26271e-05	0.000178369	0.000205737	6.00369e-05	0
C68_R108_S10	0.000590035	0.000434164	0.000607077	0.000316987	0.000378687	0.000487346	0.000372489	0.00031327	0.000229522	0.000224942	0.00017095	0.000498252	0.000550258	0.000558128	0.000232638	0.000401839	0.000417997	0.000269918	0	0.000437712	0.000358015	0.000320447	0.000185084	0.000306533	0.000217864	8.44717e-05	0.000152873	0	0.000451196	0.000219184	0.000447851	0.000123244	0.000515824	0.000475624	0.000298149	8.19282e-05	0.000397928	0.000454554	0.000400512	0.00015824	0.000218067	0.000226388	0.000647116	0.000532684	0.000837571	0.000171444	0.000434124	0.000345903	0.000328853	0.000455235	0.00056744	9.93203e-05	0.000305167	0.000318962	0.000616781	0.00010605	0.000248411	0.000270483	0.000379431	0.000240012	0.000320736	0.000206805	0.000540362	6.89792e-05	0.000255161	0.000373287	0.000200724	0
C68_R108_X5	0.000741563	0.000468743	0.000699712	0.000528059	0.000616223	0.000509955	0.000621824	0.000427222	0.000347843	0.000286325	0.000258104	0.000553291	0.000603554	0.000682457	0.000463629	0.000479319	0.000731509	0.000418129	0.00020594	0.000346567	0.000454238	0.000331302	0.000427999	0.000428998	0.000372985	0.000248268	0.000418473	0	0.000433088	0.000387709	0.000789168	0.000162696	0.000715569	0.000519598	0.000252268	0.000253696	0.000417916	0.000535053	0.000535199	0.000351935	0.00049352	0.000418196	0.000578085	0.000783483	0.000512013	0.000435175	0.000615939	0.000556773	0.000371865	0.000679752	0.000652532	0.000121312	0.000416916	0.000580247	0.000859049	0.000290909	0.000533427	0.000620765	0.000446074	0.000588371	0.000439629	0.000686311	0.000441936	0.000294765	0.000607019	0.000438657	0.000514461	0.00025307
C68_A17_X3	0.000353764	0.00024068	0.000766169	0.000520891	0.000449072	0.000436163	0.00024728	0.00028393	0.000220239	9.99155e-05	0.000183695	0.00025206	0.000515214	0.000600639	0.000235422	0.00053799	0.000375271	0.00034532	0.000232506	0.000291891	0.00020722	0.000375517	0.000291378	0.000375545	0.000311137	0.00016173	0.000237806	0	0.000345518	0.000204193	0.000453138	0.000108466	0.000473958	0.00046793	0.000193213	0.000168991	0.000380477	0.000270371	0.000251286	0.000255191	0.000352863	0.00033832	0.000290407	0.000333243	0.00032296	0.000127446	0.000557579	0.000295851	0.000124479	0.00046152	0.00076195	6.39979e-05	0.000323361	0.000515863	0.000772255	9.96892e-05	0.000262148	0.000407567	0.000267723	0.000317441	0.000218511	0.000394075	0.000324812	0.000190525	0.00033009	0.000224463	0.000358287	0.000199925
C68_Gm26-1_D3	0.000651397	0.000556998	0.000342718	0.000404947	0.000517158	0.000451148	0.000425149	0.000492698	0.000105616	0.000443939	0.000510319	0.000389338	0.000342066	0.000383265	0.000186392	0.000430932	0.000474724	0.000527612	9.38545e-05	0.000499306	0.000397215	0.000377117	0.000348671	0.000428052	0.000242069	0.000166938	0.000300694	2.30849e-05	0.000541761	0.000268154	0.000423249	5.33559e-05	0.000588499	0.000391592	0.000329219	0.000231313	0.000314975	0.000592552	0.000445857	0.000385446	0.000340454	0.000324397	0.000468171	0.000373045	0.000496002	0.000410689	0.000479687	0.000644051	0.000375972	0.000497688	0.000304953	0.000148005	0.000307647	0.000444905	0.000364474	0.00017899	0.000303881	0.000533874	0.000424572	0.000463867	0.000245862	0.000316928	0.000354524	0.00010274	0.000287609	0.000334079	0.000485826	7.12628e-05
C68_A17_S7	0.000433822	0.000208264	0.000753819	0.000406409	0.000463469	0.000452692	0.000297014	0.000295064	0.00033073	0.000117849	0.00012055	0.000278259	0.000523522	0.000693864	0.000149265	0.000429346	0.000469998	0.000387361	0.000244204	0.000274752	0.000158563	0.000419389	0.000276314	0.000340084	0.000357616	0.00017065	0.000261384	1.61279e-05	0.000336049	0.000154729	0.00051402	0.000181872	0.000479015	0.000495259	0.00019901	0.000180105	0.000375371	0.000252269	0.000308877	0.000199187	0.000365441	0.000353973	0.000361535	0.000328617	0.000302938	0.000127019	0.000512686	0.000262793	0.000111017	0.000465294	0.000694726	9.55416e-05	0.000308011	0.000507209	0.000704926	0.000280259	0.000350651	0.000442737	0.000263707	0.000366041	0.000236955	0.000436979	0.000250099	0.000263141	0.000334745	0.00023285	0.00037355	0.000172752
C68_initial_5	0.000369071	0.000330299	0.000388379	0.00034809	0.000416774	0.000383699	0.000372604	0.000379212	0.000248944	0.000292877	0.000303849	0.000351791	0.000346972	0.00035329	0.000273322	0.000406933	0.000414254	0.00036448	0.000147567	0.000372377	0.000336382	0.000358216	0.000293565	0.000326408	0.000307096	0.000244234	0.000256092	0.000173672	0.000403114	0.000265932	0.00040535	0.000237314	0.000356496	0.000378809	0.000303617	0.000261411	0.000339966	0.000351308	0.000422281	0.000260346	0.000319979	0.000313619	0.00038446	0.000409753	0.000454149	0.000236703	0.000387088	0.000339097	0.000348083	0.000431536	0.000378464	0.000183058	0.000246503	0.000411995	0.000358325	0.000240915	0.000296842	0.000374429	0.000299151	0.000323993	0.000338354	0.00032586	0.000380332	0.000204382	0.000369368	0.000324719	0.000311583	0.000144975
C68_Gm8-5_D2	0.00058226	0.000480914	0.00020808	0.000498638	0.000623603	0.000517264	0.000477447	0.000480213	0.000223178	0.000443962	0.000372876	0.000321727	0.000199684	0.000192493	0.000164715	0.000443766	0.000690762	0.000317586	0	0.000334513	0.000435948	0.000314727	0.000301877	0.000220818	0.000137887	0.0001216	0.000213552	0	0.000556176	0.000255297	0.000406629	0.000107595	0.000522908	0.000549134	0.00024151	0.000149602	0.000168801	0.000507547	0.00042884	0.000269741	0.000244473	0.00025372	0.000323349	0.000404696	0.000381582	0.000199294	0.000416773	0.000544827	0.000443526	0.000429247	0.000266692	6.58856e-05	0.000325742	0.000582491	0.000236848	0.000232047	0.000349279	0.000552276	0.000328232	0.000448792	0.000451724	0.000353277	0.000325757	6.33298e-05	0.000469268	0.000511205	0.000386408	0
C68_R108_X3	0.000673384	0.000526672	0.000556421	0.000442189	0.000476849	0.000634919	0.000402609	0.000377013	0.000235159	0.000437856	0.000369171	0.000425828	0.000545992	0.000482321	0.000297947	0.000444772	0.000587011	0.000587158	8.96863e-05	0.000670312	0.00032849	0.000389565	0.000427978	0.000644683	0.000505853	0.000217812	0.000356194	0	0.000415792	0.00032962	0.000629263	0.000161468	0.000431195	0.000445235	0.000327356	0.00023679	0.000554895	0.000564514	0.000431637	0.000334224	0.000427387	0.00055669	0.000480063	0.000431207	0.00061472	0.000457067	0.00050328	0.000437739	0.000331962	0.000465438	0.000552001	0.000127236	0.000390158	0.000686533	0.000637072	0.000187473	0.000418284	0.000536471	0.000555771	0.000425102	0.000420278	0.000346844	0.000383692	0.000160374	0.000468208	0.000418322	0.000622593	6.78993e-05
C68_A17_B10_D	0.000204083	9.53289e-05	0.000640213	0.000304597	0.00058624	0.000367532	0.000309817	0.00039389	0.000145537	4.8496e-05	0.000128219	9.67535e-05	0.000433392	0.000492396	9.26315e-05	0.000415012	0.000315644	0.000257116	0.000214234	0.000108781	6.68202e-05	0.000283802	0.000215075	0.000183071	0.000190805	8.70318e-05	0.000161172	0	0.000261899	5.90669e-05	0.000344557	8.28848e-05	0.000368363	0.000314952	0.000105183	0.000110455	0.000150671	0.000119794	0.000122683	9.11868e-05	0.000249578	0.000323707	0.000167601	0.000439792	0.00017446	0.000103488	0.000526456	0.000275193	5.28245e-05	0.000266473	0.000613759	3.04568e-05	0.000234497	0.000517923	0.000738494	8.50571e-05	0.000145912	0.000352336	0.000140416	0.000268347	0.000177462	0.000383744	0.000187943	0.000157578	0.000237713	0.000263685	0.000291812	0.000202592
C68_R108_X6	0.000677464	0.000434694	0.000710634	0.000492725	0.000677688	0.000517918	0.000374991	0.000359773	0.000125684	0.000163169	0.000473073	0.000265904	0.000609764	0.000678442	0.000344577	0.00068647	0.000724498	0.000526975	0.000269311	0.000266506	0.000371846	0.000361915	0.000524121	0.000446735	0.00047164	0.000194945	0.000408636	0	0.000438442	0.000357297	0.000606486	4.58221e-05	0.000449224	0.000785652	0.000337438	0.00029771	0.000458698	0.000435189	0.000412661	0.000345841	0.000523231	0.000455243	0.000454103	0.000494691	0.000363374	0.000183846	0.00060407	0.000337364	0.00029331	0.000668704	0.000641563	8.27802e-05	0.000368158	0.000551845	0.000793687	0.000218014	0.000470709	0.000645439	0.000405716	0.000496175	0.000332132	0.000596157	0.00044827	0.000130039	0.000687962	0.00047231	0.00056677	0.00028714
C68_Gm20-2_D3	0.000666335	0.000501403	0.0002447	0.000401361	0.000515352	0.000410232	0.00031645	0.00033962	9.90746e-05	0.000300284	0.000159407	0.00040162	0.000187174	0.000189145	0.000354422	0.000418096	0.000404914	0.000221727	0	0.000451261	0.000337276	0.00037139	0.000171224	0.000363354	0.000232982	0.000103563	0.000159811	7.81652e-05	0.000592124	0.000347403	0.000430449	8.73606e-05	0.000334852	0.000588644	0.000441383	0.000154598	0.000306248	0.000551529	0.000524026	0.000144657	0.000237876	0.000191786	0.000603122	0.000678316	0.000573242	0.000231242	0.000472787	0.00072221	0.000351815	0.000433296	0.00024678	0.000122312	0.000336338	0.000567249	0.000192991	0.000268374	0.000385525	0.000525555	0.000511267	0.000435759	0.000434407	0.000283101	0.000355991	2.89155e-05	0.000486075	0.000490596	0.000267818	0
C68_R108_LN4	0.000597175	0.000361634	0.000526019	0.000426818	0.00060489	0.000477867	0.000502379	0.000405018	0.000260406	0.000239132	0.000281768	0.000379467	0.000388602	0.000400322	0.000349011	0.000415203	0.000499104	0.000335444	0	0.000258549	0.000314421	0.000310976	0.000365126	0.000487664	0.000420068	0.000155581	0.000226486	0	0.000542339	0.000314351	0.000540852	0.000141321	0.000412387	0.000615814	0.000311158	0.00015325	0.000413743	0.000376909	0.000354405	0.000217252	0.000422453	0.00034409	0.000407442	0.000436129	0.000330525	0.000333229	0.000510822	0.000460533	0.00027941	0.000537948	0.000396255	9.57769e-05	0.000338956	0.000616564	0.000490257	0.000283574	0.000420743	0.000562032	0.000367776	0.000443476	0.000264746	0.000509181	0.000538021	7.51698e-05	0.000601864	0.000431443	0.000408563	0
C68_Gm12-7_D1	0.000579096	0.000395138	0.000224635	0.000554182	0.000330531	0.00049544	0.000290136	0.000253717	0.000115927	0.000212489	0.000271328	0.00039935	0.000124624	0.000156558	0.00036289	0.000487184	0.000400106	0.000332676	0	0.000261128	0.000357309	0.000376393	0.000227545	0.000475392	0.000348503	0.000153062	0.000222805	2.76789e-05	0.000546298	0.000261635	0.000562282	6.36736e-05	0.000490505	0.000551179	0.000212808	0.000127991	0.000386104	0.000383037	0.000327409	0.000294899	0.000374406	0.000372859	0.000358829	0.000569454	0.000360773	0.000466596	0.00069076	0.00033452	0.000295523	0.000503524	0.000216379	0.00021233	0.000388753	0.000462645	0.000208044	0.000246367	0.000402329	0.000446136	0.000338128	0.00042149	0.000366583	0.000398462	0.000324018	4.26353e-05	0.0004903	0.000443235	0.000357407	0
C68_Gm26-1_D1	0.000603901	0.000503552	0.000286614	0.000382702	0.00036193	0.000540411	0.000306134	0.000323691	0.000117235	0.000372687	0.00038566	0.000379446	0.000234828	0.00016905	0.000222517	0.000394349	0.000552492	0.000386303	1.21828e-05	0.000488366	0.000382242	0.000346445	0.000264253	0.000375852	0.000239936	0.000158574	0.000272591	0	0.000510593	0.000243275	0.000374623	5.9746e-05	0.000381837	0.000524214	0.000340362	0.000154213	0.00027168	0.000539473	0.000500839	0.000338245	0.000342565	0.000382084	0.000427301	0.000623299	0.000498768	0.000363499	0.000450687	0.000416494	0.000352158	0.000447505	0.000261628	0.00011961	0.000325106	0.000568682	0.000246295	0.000254389	0.000349789	0.00049697	0.000373055	0.00044439	0.00031154	0.00025311	0.000388912	8.23234e-05	0.000405624	0.000514082	0.000405962	0
C68_A17_X1_D	0.000317277	0.000121266	0.000732536	0.00042177	0.000457976	0.000549522	0.000191685	0.000292545	0.000102915	6.66088e-05	8.99018e-05	9.83195e-05	0.000457705	0.000587879	5.97984e-05	0.00040977	0.000298878	0.000233393	0.00021044	0.000108248	8.67115e-05	0.000273101	0.000171844	0.00020182	0.000208422	0.000120958	0.000161882	0	0.000335171	6.17801e-05	0.000492199	4.42344e-05	0.00036198	0.000331409	0.000113055	9.93637e-05	0.000159614	0.000155559	0.000185803	7.99042e-05	0.000252538	0.00023408	0.000220651	0.000253778	0.000164604	7.99393e-05	0.000458753	0.000248058	6.63397e-05	0.000339128	0.00082721	2.91527e-05	0.000224825	0.000507067	0.000726418	7.42845e-05	0.000163356	0.000315664	0.000158593	0.000217277	0.000161394	0.000285964	0.000220894	0.000102868	0.000212563	0.000167323	0.000233567	0.000181926
C68_Gm12-7_D3	0.00040093	0.000415576	0.000287521	0.000606388	0.000507425	0.000503127	0.000399366	0.000464836	0	0.000341924	0.000151562	0.000323128	0.00022333	0.000230805	0.000321036	0.000420324	0.000444385	0.000220271	0	0.000301473	0.000312362	0.000323793	0.000193798	0.00035601	0.000239539	0.000132527	0.000193112	0	0.000539675	0.00026477	0.000550716	0	0.000533295	0.000564428	0.000233749	0.000104052	0.000310758	0.000420534	0.000330392	0.000208094	0.000314749	0.000203196	0.000403542	0.000580156	0.000417087	0.00039616	0.000674356	0.000475912	0.000386061	0.000539188	0.000363726	0.000156604	0.000367964	0.000550391	0.00032543	0.000238011	0.00043176	0.000474598	0.000424871	0.000433325	0.000274758	0.000287803	0.000363643	0	0.000494695	0.000288152	0.000240364	0
C68_R108_L4	0.000397926	0.000432616	0.000541082	0.000481956	0.000323478	0.000691624	0.00033212	0.000244304	0	0.000459905	0.000421812	0.000343318	0.000283963	0.000447842	0.000364562	0.000488371	0.000326892	0.000430464	0.000108962	0.000395604	0.000411783	0.00030424	0.000337286	0.000303907	0.000200843	0.000140317	0.000258176	9.39204e-05	0.000401526	0.000324344	0.000595859	1.34579e-05	0.000288014	0.000530298	0.000207399	0.000165594	0.000251088	0.000427167	0.000342456	0.000374979	0.000402309	0.000227017	0.000468665	0.000585389	0.000340387	0.000179605	0.000741529	0.000509786	0.000490491	0.000523125	0.000546893	8.06475e-05	0.000345247	0.000594358	0.000446614	0.000331296	0.000397877	0.00052465	0.00039684	0.000442297	0.000372421	0.000307832	0.000370935	0	0.000455995	0.000496938	0.000361496	0.000156741
HM340_D3	0.000797079	0.000640912	0.000262797	0.000596887	0.000633142	0.000606988	0.000410872	0.000325716	0.000185118	0.000526563	0.000607544	0.000457593	0.000150126	0.000204359	0.000204769	0.000614479	0.000622736	0.000579401	0	0.000452925	0.000459562	0.000476036	0.000403941	0.000644548	0.000384084	0.000208062	0.000380347	0	0.000704293	0.000292914	0.000675221	0.000169498	0.000454079	0.000543948	0.000320107	0.000200087	0.000560231	0.000613502	0.00045528	0.00059734	0.000482966	0.000478819	0.000572398	0.000738155	0.000643498	0.000518954	0.000787921	0.000516032	0.000422977	0.000481139	0.000236128	0.00023575	0.00053542	0.000766755	0.000246299	0.000167645	0.000433951	0.000629262	0.000442842	0.000587396	0.000320271	0.000344084	0.000448154	6.78422e-05	0.000427152	0.000620479	0.000589301	0
C68_trna18-1_D1	0.000635359	0.000384403	0.00048775	0.000633819	0.000606073	0.00057285	0.000424589	0.000371862	0.000141556	0.000175958	0.000194781	0.000292499	0.000367694	0.000409941	0.000223547	0.000508733	0.000757983	0.000291945	1.24075e-05	0.000314234	0.00019597	0.000383408	0.000243297	0.000393061	0.000249039	0.000130633	0.000169701	0	0.000640476	0.000272177	0.000653538	6.91851e-05	0.000417496	0.000591043	0.000203625	0.000136955	0.000324277	0.000353966	0.000409994	0.000161706	0.000494057	0.00027063	0.00031975	0.000584407	0.000464002	0.000380108	0.000530748	0.000479859	0.000307213	0.000617738	0.000477658	8.76629e-05	0.000432641	0.000685029	0.00049802	0.000224588	0.000414421	0.000595848	0.000305123	0.000504118	0.000298279	0.000376449	0.00047679	9.42637e-05	0.000501833	0.000613167	0.0003344	0
HM340_U1	0.00087983	0.00073793	0.000299868	0.000574491	0.000523067	0.000550715	0.000455061	0.000391154	0.0002831	0.000637146	0.000540714	0.000525824	0.000260383	0.0002672	0.000354466	0.000576069	0.000701978	0.000554435	0.000131614	0.000464831	0.000464926	0.000507472	0.000419328	0.000484983	0.000419941	0.000246365	0.00043665	8.55949e-05	0.000766661	0.000428066	0.000530939	0.000169145	0.000800118	0.000704518	0.000351557	0.000336443	0.000500115	0.000789748	0.000548869	0.00062179	0.000611075	0.000583962	0.000490088	0.000879813	0.000608771	0.000583921	0.000624844	0.00057631	0.000712062	0.000754236	0.000328844	0.000214639	0.000539004	0.000575304	0.000313518	0.000205057	0.000549906	0.000520064	0.000566731	0.000642131	0.000572238	0.00052593	0.000509642	0.000271912	0.000456363	0.000675292	0.000600228	0.000114797
HM340_D2	0.00082992	0.000692797	5.93162e-05	0.000522647	0.00085586	0.000427244	0.000414176	0.000457003	1.40709e-05	0.00039753	0.000524284	0.000481266	6.2288e-05	5.02719e-05	0.000588146	0.000613549	0.000741231	0.000518305	0	0.000529059	0.000449173	0.000671301	0.000377416	0.000570136	0.000402781	0.000217752	0.000364163	0	0.000780093	0.000570111	0.00043693	0	0.000608322	0.00087334	0.000372026	0.000155668	0.000446377	0.00072143	0.000640974	0.000534203	0.00062955	0.000513922	0.000457381	0.000885762	0.000579784	0.000421144	0.000413646	0.000444805	0.000456725	0.000542802	6.1465e-05	6.5582e-05	0.000411802	0.0007105	7.53933e-05	0.000453644	0.000702024	0.000593704	0.00064217	0.000630001	0.000355363	0.000433086	0.000452664	0	0.000807756	0.00073809	0.000593806	0
MPC12_D3	0.000728158	0.000565284	0.000241174	0.000389475	0.000426091	0.000382793	0.000358299	0.000351819	0.000213184	0.000347981	0.000264907	0.000428507	0.000238241	0.000191283	0.00054656	0.000454976	0.000524817	0.000270342	1.58006e-05	0.000442625	0.000384425	0.00040576	0.000232844	0.000318632	0.000171636	0.000116255	0.000227387	0	0.000637719	0.000426508	0.000450363	9.61882e-05	0.000625669	0.000710432	0.000441859	0.000212488	0.000224652	0.000542941	0.000656983	0.000212941	0.000471729	0.000288323	0.000598321	0.000741091	0.00057	0.000242718	0.000427516	0.000934372	0.000393933	0.000572909	0.000188305	5.54466e-05	0.000379179	0.000608974	0.000218258	0.000268592	0.000474098	0.000624819	0.000599259	0.000538013	0.000289823	0.000328242	0.000413626	0.000154235	0.000652648	0.000335155	0.00031829	0
C68_A17_S10_D	0.000355771	0.000214796	0.000604155	0.000346741	0.000634943	0.000351707	0.00031932	0.000291154	0.000347526	0.00015886	0.000150137	0.000187955	0.000492947	0.000545708	9.38027e-05	0.000496628	0.000481383	0.000392647	0.000200786	0.000220546	0.000133531	0.000414782	0.000271124	0.000421604	0.000403647	0.000132694	0.000130066	0	0.000406196	0.000123662	0.000483421	0.000188457	0.000506857	0.000456492	0.000142314	0.000143281	0.000436122	0.000253422	0.000313062	0.000215276	0.000355601	0.000345663	0.000225923	0.000379308	0.000293643	0.000167011	0.000434233	0.000357237	0.000156124	0.000471139	0.000535492	0.00011539	0.000305082	0.000392762	0.000640256	0.000132387	0.000245301	0.000444607	0.00020481	0.00033739	0.000199247	0.000431674	0.00025675	0.00027408	0.000302848	0.000375076	0.000362571	0.00016065
HM340_U2	0.000831209	0.000704176	7.20162e-05	0.000564808	0.000863106	0.000451251	0.000423975	0.000495137	1.42513e-05	0.000385229	0.000459527	0.00046368	6.97433e-05	4.9949e-05	0.000509283	0.000591644	0.000758261	0.000475219	0	0.000518048	0.000450478	0.000573624	0.00035743	0.000557966	0.000381159	0.000241488	0.000331202	0	0.00071949	0.000568887	0.000487083	0	0.000565944	0.000859388	0.000389476	0.000195561	0.000441771	0.000719067	0.000566928	0.000529835	0.000587491	0.000528734	0.000446436	0.000888208	0.000561928	0.000413667	0.000435831	0.000460603	0.000452544	0.00052595	6.16479e-05	5.87167e-05	0.000419663	0.000726012	7.78401e-05	0.000502389	0.000714431	0.000523761	0.000634351	0.000693442	0.000382138	0.000391268	0.000435	0	0.000756445	0.000679707	0.000602803	0
C68_Gm8-5_D3	0.000588746	0.000453838	0.000216625	0.000489485	0.000517676	0.000447539	0.000315244	0.000341461	3.12513e-05	0.000328174	0.000247299	0.000327407	0.000181923	0.000242133	0.000255389	0.000419784	0.000433295	0.000291194	0	0.000348043	0.000368164	0.000316577	0.000282543	0.000409087	0.000252498	0.000115185	0.000219332	7.47412e-05	0.000530064	0.00022967	0.000380062	2.56628e-05	0.000333514	0.000462649	0.000238609	0.000119902	0.000348906	0.000456209	0.000373151	0.000224832	0.000361674	0.000281782	0.000434582	0.000438313	0.000461903	0.000344008	0.000636955	0.000550974	0.000348742	0.000445767	0.000281548	0.000116904	0.000324172	0.00044997	0.000252296	0.000185105	0.000298281	0.000476617	0.000427232	0.000415538	0.000389889	0.000276971	0.000314806	0	0.000346941	0.000482347	0.000338086	0
MPC12_U3	0.000753344	0.000560778	0.000263845	0.000401309	0.000417637	0.000412615	0.000366959	0.000347034	0.000246284	0.000335485	0.00031184	0.000412144	0.000261005	0.000224509	0.000531631	0.000491238	0.000562263	0.000285205	1.26384e-05	0.000413467	0.000385277	0.000435552	0.000251393	0.000297908	0.000174875	0.000120143	0.00025245	0	0.000619789	0.000542392	0.000458572	0.000104237	0.000634273	0.000739576	0.000377665	0.000171526	0.000218264	0.000489661	0.000581971	0.000238855	0.000469312	0.000323143	0.000550413	0.000730902	0.000546215	0.000241063	0.000443257	0.000865158	0.000383294	0.000569957	0.000207418	4.87815e-05	0.000378167	0.000640168	0.000222035	0.000329128	0.000538866	0.000617686	0.000592676	0.000545466	0.000292497	0.000330818	0.00039794	0.000179556	0.000731877	0.000339626	0.000347948	0
C68_R108_S12	0.000510288	0.000391042	0.000607486	0.000424834	0.000278152	0.000584391	0.000420496	0.000387285	0.000410318	0.000170883	0.000265894	0.000590167	0.000557862	0.000531626	0.000208411	0.000442303	0.000301523	0.000492176	0.000181587	0.000524581	0.000332364	0.000392689	0.000348749	0.000443564	0.000271374	0.000198135	0.000252094	0	0.00027228	0.000228932	0.000321025	0.00019298	0.000453356	0.000480992	0.000298147	0.00015919	0.000407942	0.00041453	0.000329483	0.000310183	0.000154669	0.000321051	0.000425969	0.000407725	0.000710315	0.000284494	0.000484228	0.000346127	0.000282417	0.000408409	0.000552032	7.65663e-05	0.000297979	0.000379659	0.000653484	0.000126461	0.000228045	0.000434085	0.000281856	0.000232112	0.000280642	0.000262141	0.000460849	0.000297432	0.000335552	0.000317802	0.000410697	0.000133706
C68_R108_S11	0.000468109	0.000395822	0.000387699	0.000228612	0.000285127	0.000351495	0.000196254	0.000376005	0.000144116	0.000211675	0.000102622	0.000630486	0.000400102	0.000415197	0.000227058	0.000371281	0.000281602	0.000286322	5.27663e-05	0.000646072	0.00026354	0.000378341	0.000134806	0.000540146	0.000270715	8.72207e-05	0.000131777	0	0.000270108	0.000208741	0.000395284	0.000114822	0.000274268	0.000389615	0.000293821	9.66855e-05	0.000562642	0.000408328	0.000348615	8.08951e-05	0.000153008	0.000164213	0.000583174	0.000433719	0.00088656	0.000127311	0.000288901	0.000176354	0.000313942	0.000295254	0.00032803	5.68558e-05	0.00020802	0.000305104	0.000313254	0.000111305	0.000217582	0.000342289	0.000247309	0.000228053	0.00041163	0.000161324	0.000193671	0.000130722	0.000231405	0.000264427	0.000171067	9.36783e-05
C68_A17_S7_D	0.000384013	0.000214896	0.000662254	0.00034214	0.000427973	0.000427297	0.000249705	0.000295266	0.00028029	9.885e-05	0.000114991	0.000235451	0.000437707	0.000607921	0.000126275	0.000381718	0.000381726	0.000339243	0.000227248	0.000209728	0.000123088	0.000363662	0.000263547	0.000293532	0.00031391	0.000103991	0.000201952	1.4277e-05	0.000295386	0.000141368	0.000463277	0.000157943	0.000404292	0.000430546	0.000168571	0.00013078	0.00030037	0.000209239	0.000254701	0.000203341	0.000308567	0.000340615	0.000290888	0.000284147	0.000233026	0.000102811	0.000503608	0.000258913	9.66868e-05	0.000382359	0.000597528	7.2263e-05	0.000268706	0.000461686	0.000632351	0.000275298	0.000276501	0.000382403	0.000211025	0.00032203	0.00020151	0.000369639	0.000220105	0.000227853	0.00029844	0.00020076	0.00034908	0.000157207
C68_R108_B11	0.000520161	0.000356599	0.000336626	0.000400156	0.000622571	0.00041933	0.000392335	0.000529592	0.0002505	0.000221782	0.000408624	0.0002948	0.000361896	0.000286304	0.000251376	0.000253634	0.000350673	0.000479133	0.000349707	0.000274424	0.000373085	0.000307257	0.000377086	0.000517141	0.000451709	0.000179075	0.000243235	0	0.000355097	0.000209324	0.000471944	0.000103832	0.000476632	0.000412721	0.000342024	0.000212267	0.00045634	0.000427724	0.000358705	0.000264927	0.000276022	0.000334683	0.000331948	0.000534446	0.000363098	0.000235745	0.000244877	0.000335657	0.000375553	0.000402122	0.00034149	7.66633e-05	0.000234371	0.000404434	0.000405285	0.000132279	0.000227731	0.000466297	0.000243764	0.000313606	0.00051347	0.000352049	0.000262052	0.000245386	0.000285471	0.00026611	0.000399865	0.000341696
HM340_D1	0.000744297	0.000652404	0.000282828	0.000528007	0.000442529	0.000480907	0.000413713	0.000329814	0.000225815	0.000537558	0.000511236	0.000463237	0.00024299	0.000263756	0.000296229	0.000504487	0.000614026	0.000538762	0.000157431	0.000391887	0.000416893	0.000471843	0.000399	0.000414393	0.000333646	0.000272598	0.000401998	6.90704e-05	0.000639297	0.000350371	0.000464208	0.000121554	0.000715956	0.000615063	0.000328493	0.000306617	0.000412466	0.000672659	0.000517471	0.000569735	0.000497527	0.000573185	0.000441554	0.000820186	0.000533826	0.000521966	0.000560166	0.000460145	0.000654188	0.000660929	0.00029983	0.000212363	0.000465476	0.000546774	0.000281203	0.00016986	0.000497818	0.000467791	0.000473252	0.000569063	0.000464951	0.000407994	0.000422151	0.000225756	0.000398639	0.00061417	0.000627827	0.000131834
MPC12_D1	0.00062242	0.000449697	5.59924e-05	0.000450786	0.000420463	0.000474621	0.000380469	0.000427729	0.000100913	0.000242948	0.000234664	0.000316638	5.32437e-05	4.63571e-05	0.000305784	0.000407866	0.000412624	0.00019323	1.44203e-05	0.000451387	0.000382496	0.000341531	0.000210652	0.000237031	0.000195851	8.90575e-05	0.00013693	0	0.000561716	0.000238392	0.000420601	6.21698e-05	0.000487545	0.000312194	0.00042849	0.000149449	0.00017977	0.000491736	0.000463229	0.000230973	0.000232392	0.000238062	0.000584705	0.000642683	0.000468656	0.000205008	0.00035326	0.000889771	0.000298565	0.000441749	5.16213e-05	0.00012855	0.000312537	0.000479158	7.43074e-05	0.00013775	0.000258451	0.000536885	0.000471134	0.000422601	0.000443213	0.000317003	0.000323393	4.37092e-05	0.000242302	0.000290457	0.000271788	0
HM340_U3	0.000679012	0.000526488	0.000201055	0.000515565	0.000552742	0.000552744	0.00032617	0.000288474	0.000205186	0.000361563	0.000505005	0.00036078	0.000123338	0.000158635	0.000175925	0.000477945	0.000481241	0.000445831	0	0.00034678	0.000414358	0.000366426	0.000316979	0.000508141	0.000295654	0.000182726	0.000284672	0	0.000583615	0.000272962	0.000567063	0.000168332	0.000369774	0.000473711	0.000264794	0.000198948	0.00043059	0.000521666	0.000396376	0.000474539	0.000399858	0.000362827	0.000481304	0.000617557	0.000516574	0.000436471	0.000645219	0.000455334	0.000357075	0.000416603	0.00017328	0.000172782	0.000388502	0.000629898	0.000192093	0.000167181	0.00034537	0.000516531	0.00037284	0.000451222	0.000271201	0.00027959	0.000415618	7.71694e-05	0.000343625	0.000541982	0.000457853	0
C68_Gm20-2_D1	0.00057039	0.000438355	0.000192662	0.000319732	0.000451122	0.000518276	0.000301859	0.000254104	0.00010759	0.000254795	0.00021393	0.000340701	0.000154168	0.000137513	0.000326072	0.000364115	0.000440309	0.000237224	8.61838e-05	0.000363877	0.000301442	0.000339842	0.000195046	0.000267229	0.000149809	0.000121791	0.000219401	7.33638e-05	0.000504148	0.000278298	0.00041932	4.77234e-05	0.00040756	0.000483549	0.00045849	0.00010825	0.000203724	0.000508472	0.000496183	0.000204027	0.000222539	0.000176173	0.000515807	0.000327594	0.000451866	0.000271558	0.000436902	0.000610651	0.000314928	0.000473056	0.00017617	8.56528e-05	0.000302687	0.00039991	0.000191503	0.000138728	0.000304103	0.00038012	0.000424882	0.000400967	0.000257993	0.000246919	0.000320946	0.000106083	0.000351011	0.000323437	0.000275413	8.27226e-05
C68_trna18-1_D2	0.000630215	0.00044066	0.000661071	0.000529969	0.000451845	0.000450936	0.000337979	0.000214275	0	0.000353249	0.000354322	0.000306425	0.000427977	0.00054752	0.000370104	0.000643752	0.000392294	0.000475923	0	0.000351399	0.000334368	0.00042776	0.000450118	0.0005404	0.000359295	0.000155415	0.000276187	0	0.000534629	0.000316299	0.00039145	1.24744e-05	0.000502278	0.000628024	0.000384099	0.000190981	0.000445303	0.000446785	0.000352148	0.000436447	0.000364723	0.000384894	0.000355374	0.000598383	0.000422273	0.000430932	0.000718341	0.000525873	0.000428847	0.000353536	0.000680274	8.56981e-05	0.000426796	0.000630435	0.000548065	0.00025872	0.000410993	0.000455226	0.000336721	0.000372296	0.000362081	0.00046025	0.000384635	0	0.000607228	0.000430889	0.000510004	0
C68_trna18-1_D3	0.000631553	0.000406384	0.000371957	0.000417202	0.000350036	0.000472717	0.000371414	0.000267296	0.0001241	0.000220411	0.000255196	0.00032161	0.000357614	0.000298327	0.000256324	0.000434418	0.000450765	0.00028594	0	0.00033087	0.000280273	0.000351382	0.000214178	0.000461166	0.000291648	0.000140651	0.000251023	0	0.000580413	0.000330856	0.000385854	8.17525e-05	0.000553	0.000554409	0.000236231	0.000165218	0.0004059	0.00045267	0.000335051	0.000280386	0.000397388	0.000324931	0.000369591	0.000400476	0.000478514	0.000392202	0.000581478	0.000502846	0.000280313	0.000607791	0.00046494	9.15659e-05	0.000387208	0.000487267	0.000390755	0.000303295	0.00042493	0.000495718	0.000412638	0.000443112	0.000412989	0.000386494	0.000502851	6.20861e-05	0.000519811	0.000547387	0.000337259	0
MPC12_U2	0.000575564	0.000412843	0.000226396	0.000247677	0.000444822	0.000327041	0.00033787	0.000442554	5.05964e-05	0.000362015	0.000190637	0.000532279	0.00024157	0.000146397	0.000467475	0.000460135	0.000455824	0.000279548	0	0.000283573	0.000275258	0.000318989	0.00022325	0.000342055	0.000212814	0.000101856	0.000241444	0	0.000448255	0.000471029	0.000261185	2.75313e-05	0.000476808	0.000621693	0.000330046	0.000201098	0.000271863	0.000455536	0.000457843	0.000241717	0.000335571	0.000233529	0.000509301	0.000569582	0.000430221	0.000266492	0.000449892	0.000682589	0.000421218	0.000460312	0.000212476	0.000112702	0.000279261	0.000534172	0.000198188	0.000290654	0.000467235	0.00030599	0.000466748	0.000431167	0.000454695	0.000271422	0.000297595	2.9835e-05	0.00075831	0.000414368	0.000328066	0
MPC12_D2	0.000531276	0.00039006	0.000194599	0.000234086	0.000407446	0.000299271	0.000307654	0.000402795	4.03453e-05	0.000348918	0.000149057	0.000477175	0.000196807	0.000121364	0.000427671	0.000431371	0.000433908	0.000237049	0	0.000270066	0.000251637	0.000335342	0.000185107	0.000277601	0.000168179	8.3252e-05	0.000186984	0	0.000472226	0.000396486	0.000238238	2.36033e-05	0.000441902	0.000550374	0.000334931	0.000168794	0.000223353	0.00044133	0.000448906	0.000186004	0.000329015	0.000198519	0.000457096	0.000558802	0.000385966	0.000193612	0.000403264	0.000719765	0.00042353	0.000471794	0.000176805	9.30194e-05	0.000260607	0.000494982	0.000159695	0.000232291	0.000424906	0.000299518	0.00043541	0.000384046	0.000416672	0.000276228	0.000304477	2.42308e-05	0.000688022	0.00042299	0.000285983	0
MPC12_U1	0.000600431	0.000438673	6.11788e-05	0.000435171	0.000370719	0.000445034	0.000369764	0.000363691	0.00011458	0.000236122	0.000263439	0.000300051	5.16106e-05	5.009e-05	0.000265448	0.000381279	0.000400836	0.000216439	1.36408e-05	0.000432486	0.000400346	0.000327473	0.00022708	0.000233261	0.000195502	9.84513e-05	0.000136491	0	0.000518036	0.000250051	0.000392772	7.54621e-05	0.000453854	0.000294717	0.000375131	0.000142528	0.000177302	0.000465031	0.000422213	0.000267131	0.000243258	0.000236595	0.000506328	0.00059269	0.000424729	0.000201589	0.000328929	0.000789504	0.00027619	0.000411811	6.51625e-05	9.68832e-05	0.000268861	0.000471845	7.47882e-05	0.000130687	0.000263539	0.000531395	0.000456593	0.000415775	0.000382075	0.000298533	0.000300673	5.27474e-05	0.000232127	0.000287068	0.00028785	0
